<?xml version="1.0" encoding="UTF-8"?>
<frame version="1.2.0">
  <cameras>
    <camera camera_id="0">
      <photo path="../../../CroppedImages/Stuart Take 2 Cropped and Segmented/cs_output0001.png">
        <meta>
          <property name="File/ImageHeight" value="1350"/>
          <property name="File/ImageWidth" value="960"/>
          <property name="System/FileModifyDate" value="2024:02:12 21:15:56"/>
          <property name="System/FileSize" value="146709"/>
        </meta>
      </photo>
    </camera>
    <camera camera_id="1">
      <photo path="../../../CroppedImages/Stuart Take 2 Cropped and Segmented/cs_output0002.png">
        <meta>
          <property name="File/ImageHeight" value="1350"/>
          <property name="File/ImageWidth" value="960"/>
          <property name="System/FileModifyDate" value="2024:02:12 21:15:57"/>
          <property name="System/FileSize" value="150808"/>
        </meta>
      </photo>
    </camera>
    <camera camera_id="2">
      <photo path="../../../CroppedImages/Stuart Take 2 Cropped and Segmented/cs_output0003.png">
        <meta>
          <property name="File/ImageHeight" value="1350"/>
          <property name="File/ImageWidth" value="960"/>
          <property name="System/FileModifyDate" value="2024:02:12 21:15:58"/>
          <property name="System/FileSize" value="147634"/>
        </meta>
      </photo>
    </camera>
    <camera camera_id="3">
      <photo path="../../../CroppedImages/Stuart Take 2 Cropped and Segmented/cs_output0004.png">
        <meta>
          <property name="File/ImageHeight" value="1350"/>
          <property name="File/ImageWidth" value="960"/>
          <property name="System/FileModifyDate" value="2024:02:12 21:15:59"/>
          <property name="System/FileSize" value="158287"/>
        </meta>
      </photo>
    </camera>
    <camera camera_id="4">
      <photo path="../../../CroppedImages/Stuart Take 2 Cropped and Segmented/cs_output0005.png">
        <meta>
          <property name="File/ImageHeight" value="1350"/>
          <property name="File/ImageWidth" value="960"/>
          <property name="System/FileModifyDate" value="2024:02:12 21:16:01"/>
          <property name="System/FileSize" value="170877"/>
        </meta>
      </photo>
    </camera>
    <camera camera_id="5">
      <photo path="../../../CroppedImages/Stuart Take 2 Cropped and Segmented/cs_output0006.png">
        <meta>
          <property name="File/ImageHeight" value="1350"/>
          <property name="File/ImageWidth" value="960"/>
          <property name="System/FileModifyDate" value="2024:02:12 21:16:02"/>
          <property name="System/FileSize" value="179887"/>
        </meta>
      </photo>
    </camera>
    <camera camera_id="6">
      <photo path="../../../CroppedImages/Stuart Take 2 Cropped and Segmented/cs_output0007.png">
        <meta>
          <property name="File/ImageHeight" value="1350"/>
          <property name="File/ImageWidth" value="960"/>
          <property name="System/FileModifyDate" value="2024:02:12 21:16:03"/>
          <property name="System/FileSize" value="187350"/>
        </meta>
      </photo>
    </camera>
    <camera camera_id="7">
      <photo path="../../../CroppedImages/Stuart Take 2 Cropped and Segmented/cs_output0008.png">
        <meta>
          <property name="File/ImageHeight" value="1350"/>
          <property name="File/ImageWidth" value="960"/>
          <property name="System/FileModifyDate" value="2024:02:12 21:16:04"/>
          <property name="System/FileSize" value="207596"/>
        </meta>
      </photo>
    </camera>
    <camera camera_id="8">
      <photo path="../../../CroppedImages/Stuart Take 2 Cropped and Segmented/cs_output0009.png">
        <meta>
          <property name="File/ImageHeight" value="1350"/>
          <property name="File/ImageWidth" value="960"/>
          <property name="System/FileModifyDate" value="2024:02:12 21:16:05"/>
          <property name="System/FileSize" value="195635"/>
        </meta>
      </photo>
    </camera>
    <camera camera_id="9">
      <photo path="../../../CroppedImages/Stuart Take 2 Cropped and Segmented/cs_output0010.png">
        <meta>
          <property name="File/ImageHeight" value="1350"/>
          <property name="File/ImageWidth" value="960"/>
          <property name="System/FileModifyDate" value="2024:02:12 21:16:07"/>
          <property name="System/FileSize" value="203341"/>
        </meta>
      </photo>
    </camera>
    <camera camera_id="10">
      <photo path="../../../CroppedImages/Stuart Take 2 Cropped and Segmented/cs_output0011.png">
        <meta>
          <property name="File/ImageHeight" value="1350"/>
          <property name="File/ImageWidth" value="960"/>
          <property name="System/FileModifyDate" value="2024:02:12 21:16:08"/>
          <property name="System/FileSize" value="214093"/>
        </meta>
      </photo>
    </camera>
    <camera camera_id="11">
      <photo path="../../../CroppedImages/Stuart Take 2 Cropped and Segmented/cs_output0012.png">
        <meta>
          <property name="File/ImageHeight" value="1350"/>
          <property name="File/ImageWidth" value="960"/>
          <property name="System/FileModifyDate" value="2024:02:12 21:16:09"/>
          <property name="System/FileSize" value="219565"/>
        </meta>
      </photo>
    </camera>
    <camera camera_id="12">
      <photo path="../../../CroppedImages/Stuart Take 2 Cropped and Segmented/cs_output0013.png">
        <meta>
          <property name="File/ImageHeight" value="1350"/>
          <property name="File/ImageWidth" value="960"/>
          <property name="System/FileModifyDate" value="2024:02:12 21:16:10"/>
          <property name="System/FileSize" value="229771"/>
        </meta>
      </photo>
    </camera>
    <camera camera_id="13">
      <photo path="../../../CroppedImages/Stuart Take 2 Cropped and Segmented/cs_output0014.png">
        <meta>
          <property name="File/ImageHeight" value="1350"/>
          <property name="File/ImageWidth" value="960"/>
          <property name="System/FileModifyDate" value="2024:02:12 21:16:12"/>
          <property name="System/FileSize" value="256069"/>
        </meta>
      </photo>
    </camera>
    <camera camera_id="14">
      <photo path="../../../CroppedImages/Stuart Take 2 Cropped and Segmented/cs_output0015.png">
        <meta>
          <property name="File/ImageHeight" value="1350"/>
          <property name="File/ImageWidth" value="960"/>
          <property name="System/FileModifyDate" value="2024:02:12 21:16:13"/>
          <property name="System/FileSize" value="256558"/>
        </meta>
      </photo>
    </camera>
    <camera camera_id="15">
      <photo path="../../../CroppedImages/Stuart Take 2 Cropped and Segmented/cs_output0016.png">
        <meta>
          <property name="File/ImageHeight" value="1350"/>
          <property name="File/ImageWidth" value="960"/>
          <property name="System/FileModifyDate" value="2024:02:12 21:16:14"/>
          <property name="System/FileSize" value="267501"/>
        </meta>
      </photo>
    </camera>
    <camera camera_id="16">
      <photo path="../../../CroppedImages/Stuart Take 2 Cropped and Segmented/cs_output0017.png">
        <meta>
          <property name="File/ImageHeight" value="1350"/>
          <property name="File/ImageWidth" value="960"/>
          <property name="System/FileModifyDate" value="2024:02:12 21:16:15"/>
          <property name="System/FileSize" value="271882"/>
        </meta>
      </photo>
    </camera>
    <camera camera_id="17">
      <photo path="../../../CroppedImages/Stuart Take 2 Cropped and Segmented/cs_output0018.png">
        <meta>
          <property name="File/ImageHeight" value="1350"/>
          <property name="File/ImageWidth" value="960"/>
          <property name="System/FileModifyDate" value="2024:02:12 21:16:17"/>
          <property name="System/FileSize" value="276257"/>
        </meta>
      </photo>
    </camera>
    <camera camera_id="18">
      <photo path="../../../CroppedImages/Stuart Take 2 Cropped and Segmented/cs_output0019.png">
        <meta>
          <property name="File/ImageHeight" value="1350"/>
          <property name="File/ImageWidth" value="960"/>
          <property name="System/FileModifyDate" value="2024:02:12 21:16:18"/>
          <property name="System/FileSize" value="281324"/>
        </meta>
      </photo>
    </camera>
    <camera camera_id="19">
      <photo path="../../../CroppedImages/Stuart Take 2 Cropped and Segmented/cs_output0020.png">
        <meta>
          <property name="File/ImageHeight" value="1350"/>
          <property name="File/ImageWidth" value="960"/>
          <property name="System/FileModifyDate" value="2024:02:12 21:16:19"/>
          <property name="System/FileSize" value="271938"/>
        </meta>
      </photo>
    </camera>
    <camera camera_id="20">
      <photo path="../../../CroppedImages/Stuart Take 2 Cropped and Segmented/cs_output0021.png">
        <meta>
          <property name="File/ImageHeight" value="1350"/>
          <property name="File/ImageWidth" value="960"/>
          <property name="System/FileModifyDate" value="2024:02:12 21:16:20"/>
          <property name="System/FileSize" value="249374"/>
        </meta>
      </photo>
    </camera>
    <camera camera_id="21">
      <photo path="../../../CroppedImages/Stuart Take 2 Cropped and Segmented/cs_output0022.png">
        <meta>
          <property name="File/ImageHeight" value="1350"/>
          <property name="File/ImageWidth" value="960"/>
          <property name="System/FileModifyDate" value="2024:02:12 21:16:21"/>
          <property name="System/FileSize" value="183454"/>
        </meta>
      </photo>
    </camera>
    <camera camera_id="22">
      <photo path="../../../CroppedImages/Stuart Take 2 Cropped and Segmented/cs_output0023.png">
        <meta>
          <property name="File/ImageHeight" value="1350"/>
          <property name="File/ImageWidth" value="960"/>
          <property name="System/FileModifyDate" value="2024:02:12 21:16:23"/>
          <property name="System/FileSize" value="232036"/>
        </meta>
      </photo>
    </camera>
    <camera camera_id="23">
      <photo path="../../../CroppedImages/Stuart Take 2 Cropped and Segmented/cs_output0024.png">
        <meta>
          <property name="File/ImageHeight" value="1350"/>
          <property name="File/ImageWidth" value="960"/>
          <property name="System/FileModifyDate" value="2024:02:12 21:16:24"/>
          <property name="System/FileSize" value="248969"/>
        </meta>
      </photo>
    </camera>
    <camera camera_id="24">
      <photo path="../../../CroppedImages/Stuart Take 2 Cropped and Segmented/cs_output0025.png">
        <meta>
          <property name="File/ImageHeight" value="1350"/>
          <property name="File/ImageWidth" value="960"/>
          <property name="System/FileModifyDate" value="2024:02:12 21:16:25"/>
          <property name="System/FileSize" value="214019"/>
        </meta>
      </photo>
    </camera>
    <camera camera_id="25">
      <photo path="../../../CroppedImages/Stuart Take 2 Cropped and Segmented/cs_output0026.png">
        <meta>
          <property name="File/ImageHeight" value="1350"/>
          <property name="File/ImageWidth" value="960"/>
          <property name="System/FileModifyDate" value="2024:02:12 21:16:26"/>
          <property name="System/FileSize" value="226076"/>
        </meta>
      </photo>
    </camera>
    <camera camera_id="26">
      <photo path="../../../CroppedImages/Stuart Take 2 Cropped and Segmented/cs_output0027.png">
        <meta>
          <property name="File/ImageHeight" value="1350"/>
          <property name="File/ImageWidth" value="960"/>
          <property name="System/FileModifyDate" value="2024:02:12 21:16:28"/>
          <property name="System/FileSize" value="233837"/>
        </meta>
      </photo>
    </camera>
    <camera camera_id="27">
      <photo path="../../../CroppedImages/Stuart Take 2 Cropped and Segmented/cs_output0028.png">
        <meta>
          <property name="File/ImageHeight" value="1350"/>
          <property name="File/ImageWidth" value="960"/>
          <property name="System/FileModifyDate" value="2024:02:12 21:16:29"/>
          <property name="System/FileSize" value="225427"/>
        </meta>
      </photo>
    </camera>
    <camera camera_id="28">
      <photo path="../../../CroppedImages/Stuart Take 2 Cropped and Segmented/cs_output0029.png">
        <meta>
          <property name="File/ImageHeight" value="1350"/>
          <property name="File/ImageWidth" value="960"/>
          <property name="System/FileModifyDate" value="2024:02:12 21:16:30"/>
          <property name="System/FileSize" value="250087"/>
        </meta>
      </photo>
    </camera>
    <camera camera_id="29">
      <photo path="../../../CroppedImages/Stuart Take 2 Cropped and Segmented/cs_output0030.png">
        <meta>
          <property name="File/ImageHeight" value="1350"/>
          <property name="File/ImageWidth" value="960"/>
          <property name="System/FileModifyDate" value="2024:02:12 21:16:31"/>
          <property name="System/FileSize" value="229135"/>
        </meta>
      </photo>
    </camera>
    <camera camera_id="30">
      <photo path="../../../CroppedImages/Stuart Take 2 Cropped and Segmented/cs_output0031.png">
        <meta>
          <property name="File/ImageHeight" value="1350"/>
          <property name="File/ImageWidth" value="960"/>
          <property name="System/FileModifyDate" value="2024:02:12 21:16:32"/>
          <property name="System/FileSize" value="218522"/>
        </meta>
      </photo>
    </camera>
    <camera camera_id="31">
      <photo path="../../../CroppedImages/Stuart Take 2 Cropped and Segmented/cs_output0032.png">
        <meta>
          <property name="File/ImageHeight" value="1350"/>
          <property name="File/ImageWidth" value="960"/>
          <property name="System/FileModifyDate" value="2024:02:12 21:16:34"/>
          <property name="System/FileSize" value="223828"/>
        </meta>
      </photo>
    </camera>
    <camera camera_id="32">
      <photo path="../../../CroppedImages/Stuart Take 2 Cropped and Segmented/cs_output0033.png">
        <meta>
          <property name="File/ImageHeight" value="1350"/>
          <property name="File/ImageWidth" value="960"/>
          <property name="System/FileModifyDate" value="2024:02:12 21:16:35"/>
          <property name="System/FileSize" value="263493"/>
        </meta>
      </photo>
    </camera>
    <camera camera_id="33">
      <photo path="../../../CroppedImages/Stuart Take 2 Cropped and Segmented/cs_output0034.png">
        <meta>
          <property name="File/ImageHeight" value="1350"/>
          <property name="File/ImageWidth" value="960"/>
          <property name="System/FileModifyDate" value="2024:02:12 21:16:36"/>
          <property name="System/FileSize" value="243057"/>
        </meta>
      </photo>
    </camera>
    <camera camera_id="34">
      <photo path="../../../CroppedImages/Stuart Take 2 Cropped and Segmented/cs_output0035.png">
        <meta>
          <property name="File/ImageHeight" value="1350"/>
          <property name="File/ImageWidth" value="960"/>
          <property name="System/FileModifyDate" value="2024:02:12 21:16:37"/>
          <property name="System/FileSize" value="236063"/>
        </meta>
      </photo>
    </camera>
    <camera camera_id="35">
      <photo path="../../../CroppedImages/Stuart Take 2 Cropped and Segmented/cs_output0036.png">
        <meta>
          <property name="File/ImageHeight" value="1350"/>
          <property name="File/ImageWidth" value="960"/>
          <property name="System/FileModifyDate" value="2024:02:12 21:16:38"/>
          <property name="System/FileSize" value="249995"/>
        </meta>
      </photo>
    </camera>
    <camera camera_id="36">
      <photo path="../../../CroppedImages/Stuart Take 2 Cropped and Segmented/cs_output0037.png">
        <meta>
          <property name="File/ImageHeight" value="1350"/>
          <property name="File/ImageWidth" value="960"/>
          <property name="System/FileModifyDate" value="2024:02:12 21:16:40"/>
          <property name="System/FileSize" value="266970"/>
        </meta>
      </photo>
    </camera>
    <camera camera_id="37">
      <photo path="../../../CroppedImages/Stuart Take 2 Cropped and Segmented/cs_output0038.png">
        <meta>
          <property name="File/ImageHeight" value="1350"/>
          <property name="File/ImageWidth" value="960"/>
          <property name="System/FileModifyDate" value="2024:02:12 21:16:41"/>
          <property name="System/FileSize" value="274278"/>
        </meta>
      </photo>
    </camera>
    <camera camera_id="38">
      <photo path="../../../CroppedImages/Stuart Take 2 Cropped and Segmented/cs_output0039.png">
        <meta>
          <property name="File/ImageHeight" value="1350"/>
          <property name="File/ImageWidth" value="960"/>
          <property name="System/FileModifyDate" value="2024:02:12 21:16:42"/>
          <property name="System/FileSize" value="253847"/>
        </meta>
      </photo>
    </camera>
    <camera camera_id="39">
      <photo path="../../../CroppedImages/Stuart Take 2 Cropped and Segmented/cs_output0040.png">
        <meta>
          <property name="File/ImageHeight" value="1350"/>
          <property name="File/ImageWidth" value="960"/>
          <property name="System/FileModifyDate" value="2024:02:12 21:16:43"/>
          <property name="System/FileSize" value="233573"/>
        </meta>
      </photo>
    </camera>
    <camera camera_id="40">
      <photo path="../../../CroppedImages/Stuart Take 2 Cropped and Segmented/cs_output0041.png">
        <meta>
          <property name="File/ImageHeight" value="1350"/>
          <property name="File/ImageWidth" value="960"/>
          <property name="System/FileModifyDate" value="2024:02:12 21:16:45"/>
          <property name="System/FileSize" value="233243"/>
        </meta>
      </photo>
    </camera>
    <camera camera_id="41">
      <photo path="../../../CroppedImages/Stuart Take 2 Cropped and Segmented/cs_output0042.png">
        <meta>
          <property name="File/ImageHeight" value="1350"/>
          <property name="File/ImageWidth" value="960"/>
          <property name="System/FileModifyDate" value="2024:02:12 21:16:46"/>
          <property name="System/FileSize" value="225421"/>
        </meta>
      </photo>
    </camera>
    <camera camera_id="42">
      <photo path="../../../CroppedImages/Stuart Take 2 Cropped and Segmented/cs_output0043.png">
        <meta>
          <property name="File/ImageHeight" value="1350"/>
          <property name="File/ImageWidth" value="960"/>
          <property name="System/FileModifyDate" value="2024:02:12 21:16:47"/>
          <property name="System/FileSize" value="212042"/>
        </meta>
      </photo>
    </camera>
    <camera camera_id="43">
      <photo path="../../../CroppedImages/Stuart Take 2 Cropped and Segmented/cs_output0044.png">
        <meta>
          <property name="File/ImageHeight" value="1350"/>
          <property name="File/ImageWidth" value="960"/>
          <property name="System/FileModifyDate" value="2024:02:12 21:16:48"/>
          <property name="System/FileSize" value="185350"/>
        </meta>
      </photo>
    </camera>
    <camera camera_id="44">
      <photo path="../../../CroppedImages/Stuart Take 2 Cropped and Segmented/cs_output0045.png">
        <meta>
          <property name="File/ImageHeight" value="1350"/>
          <property name="File/ImageWidth" value="960"/>
          <property name="System/FileModifyDate" value="2024:02:12 21:16:49"/>
          <property name="System/FileSize" value="184526"/>
        </meta>
      </photo>
    </camera>
    <camera camera_id="45">
      <photo path="../../../CroppedImages/Stuart Take 2 Cropped and Segmented/cs_output0046.png">
        <meta>
          <property name="File/ImageHeight" value="1350"/>
          <property name="File/ImageWidth" value="960"/>
          <property name="System/FileModifyDate" value="2024:02:12 21:16:51"/>
          <property name="System/FileSize" value="187274"/>
        </meta>
      </photo>
    </camera>
    <camera camera_id="46">
      <photo path="../../../CroppedImages/Stuart Take 2 Cropped and Segmented/cs_output0047.png">
        <meta>
          <property name="File/ImageHeight" value="1350"/>
          <property name="File/ImageWidth" value="960"/>
          <property name="System/FileModifyDate" value="2024:02:12 21:16:52"/>
          <property name="System/FileSize" value="194495"/>
        </meta>
      </photo>
    </camera>
    <camera camera_id="47">
      <photo path="../../../CroppedImages/Stuart Take 2 Cropped and Segmented/cs_output0048.png">
        <meta>
          <property name="File/ImageHeight" value="1350"/>
          <property name="File/ImageWidth" value="960"/>
          <property name="System/FileModifyDate" value="2024:02:12 21:16:53"/>
          <property name="System/FileSize" value="192740"/>
        </meta>
      </photo>
    </camera>
    <camera camera_id="48">
      <photo path="../../../CroppedImages/Stuart Take 2 Cropped and Segmented/cs_output0049.png">
        <meta>
          <property name="File/ImageHeight" value="1350"/>
          <property name="File/ImageWidth" value="960"/>
          <property name="System/FileModifyDate" value="2024:02:12 21:16:54"/>
          <property name="System/FileSize" value="213232"/>
        </meta>
      </photo>
    </camera>
    <camera camera_id="49">
      <photo path="../../../CroppedImages/Stuart Take 2 Cropped and Segmented/cs_output0050.png">
        <meta>
          <property name="File/ImageHeight" value="1350"/>
          <property name="File/ImageWidth" value="960"/>
          <property name="System/FileModifyDate" value="2024:02:12 21:16:56"/>
          <property name="System/FileSize" value="228739"/>
        </meta>
      </photo>
    </camera>
    <camera camera_id="50">
      <photo path="../../../CroppedImages/Stuart Take 2 Cropped and Segmented/cs_output0051.png">
        <meta>
          <property name="File/ImageHeight" value="1350"/>
          <property name="File/ImageWidth" value="960"/>
          <property name="System/FileModifyDate" value="2024:02:12 21:16:57"/>
          <property name="System/FileSize" value="231144"/>
        </meta>
      </photo>
    </camera>
    <camera camera_id="51">
      <photo path="../../../CroppedImages/Stuart Take 2 Cropped and Segmented/cs_output0052.png">
        <meta>
          <property name="File/ImageHeight" value="1350"/>
          <property name="File/ImageWidth" value="960"/>
          <property name="System/FileModifyDate" value="2024:02:12 21:16:58"/>
          <property name="System/FileSize" value="231919"/>
        </meta>
      </photo>
    </camera>
    <camera camera_id="52">
      <photo path="../../../CroppedImages/Stuart Take 2 Cropped and Segmented/cs_output0053.png">
        <meta>
          <property name="File/ImageHeight" value="1350"/>
          <property name="File/ImageWidth" value="960"/>
          <property name="System/FileModifyDate" value="2024:02:12 21:16:59"/>
          <property name="System/FileSize" value="232788"/>
        </meta>
      </photo>
    </camera>
    <camera camera_id="53">
      <photo path="../../../CroppedImages/Stuart Take 2 Cropped and Segmented/cs_output0054.png">
        <meta>
          <property name="File/ImageHeight" value="1350"/>
          <property name="File/ImageWidth" value="960"/>
          <property name="System/FileModifyDate" value="2024:02:12 21:17:00"/>
          <property name="System/FileSize" value="249229"/>
        </meta>
      </photo>
    </camera>
    <camera camera_id="54">
      <photo path="../../../CroppedImages/Stuart Take 2 Cropped and Segmented/cs_output0055.png">
        <meta>
          <property name="File/ImageHeight" value="1350"/>
          <property name="File/ImageWidth" value="960"/>
          <property name="System/FileModifyDate" value="2024:02:12 21:17:02"/>
          <property name="System/FileSize" value="258912"/>
        </meta>
      </photo>
    </camera>
    <camera camera_id="55">
      <photo path="../../../CroppedImages/Stuart Take 2 Cropped and Segmented/cs_output0056.png">
        <meta>
          <property name="File/ImageHeight" value="1350"/>
          <property name="File/ImageWidth" value="960"/>
          <property name="System/FileModifyDate" value="2024:02:12 21:17:03"/>
          <property name="System/FileSize" value="228913"/>
        </meta>
      </photo>
    </camera>
    <camera camera_id="56">
      <photo path="../../../CroppedImages/Stuart Take 2 Cropped and Segmented/cs_output0057.png">
        <meta>
          <property name="File/ImageHeight" value="1350"/>
          <property name="File/ImageWidth" value="960"/>
          <property name="System/FileModifyDate" value="2024:02:12 21:17:04"/>
          <property name="System/FileSize" value="219269"/>
        </meta>
      </photo>
    </camera>
    <camera camera_id="57">
      <photo path="../../../CroppedImages/Stuart Take 2 Cropped and Segmented/cs_output0058.png">
        <meta>
          <property name="File/ImageHeight" value="1350"/>
          <property name="File/ImageWidth" value="960"/>
          <property name="System/FileModifyDate" value="2024:02:12 21:17:05"/>
          <property name="System/FileSize" value="220147"/>
        </meta>
      </photo>
    </camera>
    <camera camera_id="58">
      <photo path="../../../CroppedImages/Stuart Take 2 Cropped and Segmented/cs_output0059.png">
        <meta>
          <property name="File/ImageHeight" value="1350"/>
          <property name="File/ImageWidth" value="960"/>
          <property name="System/FileModifyDate" value="2024:02:12 21:17:07"/>
          <property name="System/FileSize" value="222247"/>
        </meta>
      </photo>
    </camera>
    <camera camera_id="59">
      <photo path="../../../CroppedImages/Stuart Take 2 Cropped and Segmented/cs_output0060.png">
        <meta>
          <property name="File/ImageHeight" value="1350"/>
          <property name="File/ImageWidth" value="960"/>
          <property name="System/FileModifyDate" value="2024:02:12 21:17:08"/>
          <property name="System/FileSize" value="237273"/>
        </meta>
      </photo>
    </camera>
    <camera camera_id="60">
      <photo path="../../../CroppedImages/Stuart Take 2 Cropped and Segmented/cs_output0061.png">
        <meta>
          <property name="File/ImageHeight" value="1350"/>
          <property name="File/ImageWidth" value="960"/>
          <property name="System/FileModifyDate" value="2024:02:12 21:17:09"/>
          <property name="System/FileSize" value="277667"/>
        </meta>
      </photo>
    </camera>
    <camera camera_id="61">
      <photo path="../../../CroppedImages/Stuart Take 2 Cropped and Segmented/cs_output0062.png">
        <meta>
          <property name="File/ImageHeight" value="1350"/>
          <property name="File/ImageWidth" value="960"/>
          <property name="System/FileModifyDate" value="2024:02:12 21:17:10"/>
          <property name="System/FileSize" value="221296"/>
        </meta>
      </photo>
    </camera>
    <camera camera_id="62">
      <photo path="../../../CroppedImages/Stuart Take 2 Cropped and Segmented/cs_output0063.png">
        <meta>
          <property name="File/ImageHeight" value="1350"/>
          <property name="File/ImageWidth" value="960"/>
          <property name="System/FileModifyDate" value="2024:02:12 21:17:11"/>
          <property name="System/FileSize" value="227792"/>
        </meta>
      </photo>
    </camera>
    <camera camera_id="63">
      <photo path="../../../CroppedImages/Stuart Take 2 Cropped and Segmented/cs_output0064.png">
        <meta>
          <property name="File/ImageHeight" value="1350"/>
          <property name="File/ImageWidth" value="960"/>
          <property name="System/FileModifyDate" value="2024:02:12 21:17:13"/>
          <property name="System/FileSize" value="218222"/>
        </meta>
      </photo>
    </camera>
    <camera camera_id="64">
      <photo path="../../../CroppedImages/Stuart Take 2 Cropped and Segmented/cs_output0065.png">
        <meta>
          <property name="File/ImageHeight" value="1350"/>
          <property name="File/ImageWidth" value="960"/>
          <property name="System/FileModifyDate" value="2024:02:12 21:17:14"/>
          <property name="System/FileSize" value="210477"/>
        </meta>
      </photo>
    </camera>
    <camera camera_id="65">
      <photo path="../../../CroppedImages/Stuart Take 2 Cropped and Segmented/cs_output0066.png">
        <meta>
          <property name="File/ImageHeight" value="1350"/>
          <property name="File/ImageWidth" value="960"/>
          <property name="System/FileModifyDate" value="2024:02:12 21:17:15"/>
          <property name="System/FileSize" value="209596"/>
        </meta>
      </photo>
    </camera>
    <camera camera_id="66">
      <photo path="../../../CroppedImages/Stuart Take 2 Cropped and Segmented/cs_output0067.png">
        <meta>
          <property name="File/ImageHeight" value="1350"/>
          <property name="File/ImageWidth" value="960"/>
          <property name="System/FileModifyDate" value="2024:02:12 21:17:16"/>
          <property name="System/FileSize" value="210998"/>
        </meta>
      </photo>
    </camera>
    <camera camera_id="67">
      <photo path="../../../CroppedImages/Stuart Take 2 Cropped and Segmented/cs_output0068.png">
        <meta>
          <property name="File/ImageHeight" value="1350"/>
          <property name="File/ImageWidth" value="960"/>
          <property name="System/FileModifyDate" value="2024:02:12 21:17:18"/>
          <property name="System/FileSize" value="213263"/>
        </meta>
      </photo>
    </camera>
    <camera camera_id="68">
      <photo path="../../../CroppedImages/Stuart Take 2 Cropped and Segmented/cs_output0069.png">
        <meta>
          <property name="File/ImageHeight" value="1350"/>
          <property name="File/ImageWidth" value="960"/>
          <property name="System/FileModifyDate" value="2024:02:12 21:17:19"/>
          <property name="System/FileSize" value="204993"/>
        </meta>
      </photo>
    </camera>
    <camera camera_id="69">
      <photo path="../../../CroppedImages/Stuart Take 2 Cropped and Segmented/cs_output0070.png">
        <meta>
          <property name="File/ImageHeight" value="1350"/>
          <property name="File/ImageWidth" value="960"/>
          <property name="System/FileModifyDate" value="2024:02:12 21:17:20"/>
          <property name="System/FileSize" value="240959"/>
        </meta>
      </photo>
    </camera>
    <camera camera_id="70">
      <photo path="../../../CroppedImages/Stuart Take 2 Cropped and Segmented/cs_output0071.png">
        <meta>
          <property name="File/ImageHeight" value="1350"/>
          <property name="File/ImageWidth" value="960"/>
          <property name="System/FileModifyDate" value="2024:02:12 21:17:21"/>
          <property name="System/FileSize" value="213045"/>
        </meta>
      </photo>
    </camera>
    <camera camera_id="71">
      <photo path="../../../CroppedImages/Stuart Take 2 Cropped and Segmented/cs_output0072.png">
        <meta>
          <property name="File/ImageHeight" value="1350"/>
          <property name="File/ImageWidth" value="960"/>
          <property name="System/FileModifyDate" value="2024:02:12 21:17:23"/>
          <property name="System/FileSize" value="225155"/>
        </meta>
      </photo>
    </camera>
    <camera camera_id="72">
      <photo path="../../../CroppedImages/Stuart Take 2 Cropped and Segmented/cs_output0073.png">
        <meta>
          <property name="File/ImageHeight" value="1350"/>
          <property name="File/ImageWidth" value="960"/>
          <property name="System/FileModifyDate" value="2024:02:12 21:17:24"/>
          <property name="System/FileSize" value="216169"/>
        </meta>
      </photo>
    </camera>
    <camera camera_id="73">
      <photo path="../../../CroppedImages/Stuart Take 2 Cropped and Segmented/cs_output0074.png">
        <meta>
          <property name="File/ImageHeight" value="1350"/>
          <property name="File/ImageWidth" value="960"/>
          <property name="System/FileModifyDate" value="2024:02:12 21:17:25"/>
          <property name="System/FileSize" value="200217"/>
        </meta>
      </photo>
    </camera>
    <camera camera_id="74">
      <photo path="../../../CroppedImages/Stuart Take 2 Cropped and Segmented/cs_output0075.png">
        <meta>
          <property name="File/ImageHeight" value="1350"/>
          <property name="File/ImageWidth" value="960"/>
          <property name="System/FileModifyDate" value="2024:02:12 21:17:26"/>
          <property name="System/FileSize" value="196837"/>
        </meta>
      </photo>
    </camera>
    <camera camera_id="75">
      <photo path="../../../CroppedImages/Stuart Take 2 Cropped and Segmented/cs_output0076.png">
        <meta>
          <property name="File/ImageHeight" value="1350"/>
          <property name="File/ImageWidth" value="960"/>
          <property name="System/FileModifyDate" value="2024:02:12 21:17:27"/>
          <property name="System/FileSize" value="196006"/>
        </meta>
      </photo>
    </camera>
    <camera camera_id="76">
      <photo path="../../../CroppedImages/Stuart Take 2 Cropped and Segmented/cs_output0077.png">
        <meta>
          <property name="File/ImageHeight" value="1350"/>
          <property name="File/ImageWidth" value="960"/>
          <property name="System/FileModifyDate" value="2024:02:12 21:17:29"/>
          <property name="System/FileSize" value="182838"/>
        </meta>
      </photo>
    </camera>
    <camera camera_id="77">
      <photo path="../../../CroppedImages/Stuart Take 2 Cropped and Segmented/cs_output0078.png">
        <meta>
          <property name="File/ImageHeight" value="1350"/>
          <property name="File/ImageWidth" value="960"/>
          <property name="System/FileModifyDate" value="2024:02:12 21:17:30"/>
          <property name="System/FileSize" value="171462"/>
        </meta>
      </photo>
    </camera>
    <camera camera_id="78">
      <photo path="../../../CroppedImages/Stuart Take 2 Cropped and Segmented/cs_output0079.png">
        <meta>
          <property name="File/ImageHeight" value="1350"/>
          <property name="File/ImageWidth" value="960"/>
          <property name="System/FileModifyDate" value="2024:02:12 21:17:31"/>
          <property name="System/FileSize" value="170748"/>
        </meta>
      </photo>
    </camera>
    <camera camera_id="79">
      <photo path="../../../CroppedImages/Stuart Take 2 Cropped and Segmented/cs_output0080.png">
        <meta>
          <property name="File/ImageHeight" value="1350"/>
          <property name="File/ImageWidth" value="960"/>
          <property name="System/FileModifyDate" value="2024:02:12 21:17:32"/>
          <property name="System/FileSize" value="178260"/>
        </meta>
      </photo>
    </camera>
    <camera camera_id="80">
      <photo path="../../../CroppedImages/Stuart Take 2 Cropped and Segmented/cs_output0081.png">
        <meta>
          <property name="File/ImageHeight" value="1350"/>
          <property name="File/ImageWidth" value="960"/>
          <property name="System/FileModifyDate" value="2024:02:12 21:17:33"/>
          <property name="System/FileSize" value="166906"/>
        </meta>
      </photo>
    </camera>
    <camera camera_id="81">
      <photo path="../../../CroppedImages/Stuart Take 2 Cropped and Segmented/cs_output0082.png">
        <meta>
          <property name="File/ImageHeight" value="1350"/>
          <property name="File/ImageWidth" value="960"/>
          <property name="System/FileModifyDate" value="2024:02:12 21:17:35"/>
          <property name="System/FileSize" value="165012"/>
        </meta>
      </photo>
    </camera>
    <camera camera_id="82">
      <photo path="../../../CroppedImages/Stuart Take 2 Cropped and Segmented/cs_output0083.png">
        <meta>
          <property name="File/ImageHeight" value="1350"/>
          <property name="File/ImageWidth" value="960"/>
          <property name="System/FileModifyDate" value="2024:02:12 21:17:36"/>
          <property name="System/FileSize" value="150827"/>
        </meta>
      </photo>
    </camera>
    <camera camera_id="83">
      <photo path="../../../CroppedImages/Stuart Take 2 Cropped and Segmented/cs_output0084.png">
        <meta>
          <property name="File/ImageHeight" value="1350"/>
          <property name="File/ImageWidth" value="960"/>
          <property name="System/FileModifyDate" value="2024:02:12 21:17:37"/>
          <property name="System/FileSize" value="160265"/>
        </meta>
      </photo>
    </camera>
    <camera camera_id="84">
      <photo path="../../../CroppedImages/Stuart Take 2 Cropped and Segmented/cs_output0085.png">
        <meta>
          <property name="File/ImageHeight" value="1350"/>
          <property name="File/ImageWidth" value="960"/>
          <property name="System/FileModifyDate" value="2024:02:12 21:17:38"/>
          <property name="System/FileSize" value="172228"/>
        </meta>
      </photo>
    </camera>
    <camera camera_id="85">
      <photo path="../../../CroppedImages/Stuart Take 2 Cropped and Segmented/cs_output0086.png">
        <meta>
          <property name="File/ImageHeight" value="1350"/>
          <property name="File/ImageWidth" value="960"/>
          <property name="System/FileModifyDate" value="2024:02:12 21:17:39"/>
          <property name="System/FileSize" value="180545"/>
        </meta>
      </photo>
    </camera>
    <camera camera_id="86">
      <photo path="../../../CroppedImages/Stuart Take 2 Cropped and Segmented/cs_output0087.png">
        <meta>
          <property name="File/ImageHeight" value="1350"/>
          <property name="File/ImageWidth" value="960"/>
          <property name="System/FileModifyDate" value="2024:02:12 21:17:41"/>
          <property name="System/FileSize" value="203047"/>
        </meta>
      </photo>
    </camera>
    <camera camera_id="87">
      <photo path="../../../CroppedImages/Stuart Take 2 Cropped and Segmented/cs_output0088.png">
        <meta>
          <property name="File/ImageHeight" value="1350"/>
          <property name="File/ImageWidth" value="960"/>
          <property name="System/FileModifyDate" value="2024:02:12 21:17:42"/>
          <property name="System/FileSize" value="246808"/>
        </meta>
      </photo>
    </camera>
    <camera camera_id="88">
      <photo path="../../../CroppedImages/Stuart Take 2 Cropped and Segmented/cs_output0089.png">
        <meta>
          <property name="File/ImageHeight" value="1350"/>
          <property name="File/ImageWidth" value="960"/>
          <property name="System/FileModifyDate" value="2024:02:12 21:17:43"/>
          <property name="System/FileSize" value="209565"/>
        </meta>
      </photo>
    </camera>
    <camera camera_id="89">
      <photo path="../../../CroppedImages/Stuart Take 2 Cropped and Segmented/cs_output0090.png">
        <meta>
          <property name="File/ImageHeight" value="1350"/>
          <property name="File/ImageWidth" value="960"/>
          <property name="System/FileModifyDate" value="2024:02:12 21:17:44"/>
          <property name="System/FileSize" value="226293"/>
        </meta>
      </photo>
    </camera>
    <camera camera_id="90">
      <photo path="../../../CroppedImages/Stuart Take 2 Cropped and Segmented/cs_output0091.png">
        <meta>
          <property name="File/ImageHeight" value="1350"/>
          <property name="File/ImageWidth" value="960"/>
          <property name="System/FileModifyDate" value="2024:02:12 21:17:46"/>
          <property name="System/FileSize" value="227283"/>
        </meta>
      </photo>
    </camera>
    <camera camera_id="91">
      <photo path="../../../CroppedImages/Stuart Take 2 Cropped and Segmented/cs_output0092.png">
        <meta>
          <property name="File/ImageHeight" value="1350"/>
          <property name="File/ImageWidth" value="960"/>
          <property name="System/FileModifyDate" value="2024:02:12 21:17:47"/>
          <property name="System/FileSize" value="247137"/>
        </meta>
      </photo>
    </camera>
    <camera camera_id="92">
      <photo path="../../../CroppedImages/Stuart Take 2 Cropped and Segmented/cs_output0093.png">
        <meta>
          <property name="File/ImageHeight" value="1350"/>
          <property name="File/ImageWidth" value="960"/>
          <property name="System/FileModifyDate" value="2024:02:12 21:17:48"/>
          <property name="System/FileSize" value="250400"/>
        </meta>
      </photo>
    </camera>
    <camera camera_id="93">
      <photo path="../../../CroppedImages/Stuart Take 2 Cropped and Segmented/cs_output0094.png">
        <meta>
          <property name="File/ImageHeight" value="1350"/>
          <property name="File/ImageWidth" value="960"/>
          <property name="System/FileModifyDate" value="2024:02:12 21:17:49"/>
          <property name="System/FileSize" value="279391"/>
        </meta>
      </photo>
    </camera>
    <camera camera_id="94">
      <photo path="../../../CroppedImages/Stuart Take 2 Cropped and Segmented/cs_output0095.png">
        <meta>
          <property name="File/ImageHeight" value="1350"/>
          <property name="File/ImageWidth" value="960"/>
          <property name="System/FileModifyDate" value="2024:02:12 21:17:51"/>
          <property name="System/FileSize" value="297818"/>
        </meta>
      </photo>
    </camera>
    <camera camera_id="95">
      <photo path="../../../CroppedImages/Stuart Take 2 Cropped and Segmented/cs_output0102.png">
        <meta>
          <property name="File/ImageHeight" value="1350"/>
          <property name="File/ImageWidth" value="960"/>
          <property name="System/FileModifyDate" value="2024:02:12 21:17:59"/>
          <property name="System/FileSize" value="265851"/>
        </meta>
      </photo>
    </camera>
    <camera camera_id="96">
      <photo path="../../../CroppedImages/Stuart Take 2 Cropped and Segmented/cs_output0103.png">
        <meta>
          <property name="File/ImageHeight" value="1350"/>
          <property name="File/ImageWidth" value="960"/>
          <property name="System/FileModifyDate" value="2024:02:12 21:18:00"/>
          <property name="System/FileSize" value="267090"/>
        </meta>
      </photo>
    </camera>
    <camera camera_id="97">
      <photo path="../../../CroppedImages/Stuart Take 2 Cropped and Segmented/cs_output0104.png">
        <meta>
          <property name="File/ImageHeight" value="1350"/>
          <property name="File/ImageWidth" value="960"/>
          <property name="System/FileModifyDate" value="2024:02:12 21:18:02"/>
          <property name="System/FileSize" value="277791"/>
        </meta>
      </photo>
    </camera>
    <camera camera_id="98">
      <photo path="../../../CroppedImages/Stuart Take 2 Cropped and Segmented/cs_output0105.png">
        <meta>
          <property name="File/ImageHeight" value="1350"/>
          <property name="File/ImageWidth" value="960"/>
          <property name="System/FileModifyDate" value="2024:02:12 21:18:03"/>
          <property name="System/FileSize" value="275993"/>
        </meta>
      </photo>
    </camera>
    <camera camera_id="99">
      <photo path="../../../CroppedImages/Stuart Take 2 Cropped and Segmented/cs_output0106.png">
        <meta>
          <property name="File/ImageHeight" value="1350"/>
          <property name="File/ImageWidth" value="960"/>
          <property name="System/FileModifyDate" value="2024:02:12 21:18:04"/>
          <property name="System/FileSize" value="321674"/>
        </meta>
      </photo>
    </camera>
    <camera camera_id="100">
      <photo path="../../../CroppedImages/Stuart Take 2 Cropped and Segmented/cs_output0107.png">
        <meta>
          <property name="File/ImageHeight" value="1350"/>
          <property name="File/ImageWidth" value="960"/>
          <property name="System/FileModifyDate" value="2024:02:12 21:18:05"/>
          <property name="System/FileSize" value="297346"/>
        </meta>
      </photo>
    </camera>
    <camera camera_id="101">
      <photo path="../../../CroppedImages/Stuart Take 2 Cropped and Segmented/cs_output0108.png">
        <meta>
          <property name="File/ImageHeight" value="1350"/>
          <property name="File/ImageWidth" value="960"/>
          <property name="System/FileModifyDate" value="2024:02:12 21:18:07"/>
          <property name="System/FileSize" value="315499"/>
        </meta>
      </photo>
    </camera>
    <camera camera_id="102">
      <photo path="../../../CroppedImages/Stuart Take 2 Cropped and Segmented/cs_output0109.png">
        <meta>
          <property name="File/ImageHeight" value="1350"/>
          <property name="File/ImageWidth" value="960"/>
          <property name="System/FileModifyDate" value="2024:02:12 21:18:08"/>
          <property name="System/FileSize" value="314368"/>
        </meta>
      </photo>
    </camera>
    <camera camera_id="103">
      <photo path="../../../CroppedImages/Stuart Take 2 Cropped and Segmented/cs_output0110.png">
        <meta>
          <property name="File/ImageHeight" value="1350"/>
          <property name="File/ImageWidth" value="960"/>
          <property name="System/FileModifyDate" value="2024:02:12 21:18:09"/>
          <property name="System/FileSize" value="309743"/>
        </meta>
      </photo>
    </camera>
    <camera camera_id="104">
      <photo path="../../../CroppedImages/Stuart Take 2 Cropped and Segmented/cs_output0111.png">
        <meta>
          <property name="File/ImageHeight" value="1350"/>
          <property name="File/ImageWidth" value="960"/>
          <property name="System/FileModifyDate" value="2024:02:12 21:18:10"/>
          <property name="System/FileSize" value="302688"/>
        </meta>
      </photo>
    </camera>
    <camera camera_id="105">
      <photo path="../../../CroppedImages/Stuart Take 2 Cropped and Segmented/cs_output0112.png">
        <meta>
          <property name="File/ImageHeight" value="1350"/>
          <property name="File/ImageWidth" value="960"/>
          <property name="System/FileModifyDate" value="2024:02:12 21:18:11"/>
          <property name="System/FileSize" value="303749"/>
        </meta>
      </photo>
    </camera>
    <camera camera_id="106">
      <photo path="../../../CroppedImages/Stuart Take 2 Cropped and Segmented/cs_output0113.png">
        <meta>
          <property name="File/ImageHeight" value="1350"/>
          <property name="File/ImageWidth" value="960"/>
          <property name="System/FileModifyDate" value="2024:02:12 21:18:13"/>
          <property name="System/FileSize" value="280790"/>
        </meta>
      </photo>
    </camera>
    <camera camera_id="107">
      <photo path="../../../CroppedImages/Stuart Take 2 Cropped and Segmented/cs_output0114.png">
        <meta>
          <property name="File/ImageHeight" value="1350"/>
          <property name="File/ImageWidth" value="960"/>
          <property name="System/FileModifyDate" value="2024:02:12 21:18:14"/>
          <property name="System/FileSize" value="258870"/>
        </meta>
      </photo>
    </camera>
    <camera camera_id="108">
      <photo path="../../../CroppedImages/Stuart Take 2 Cropped and Segmented/cs_output0115.png">
        <meta>
          <property name="File/ImageHeight" value="1350"/>
          <property name="File/ImageWidth" value="960"/>
          <property name="System/FileModifyDate" value="2024:02:12 21:18:15"/>
          <property name="System/FileSize" value="230663"/>
        </meta>
      </photo>
    </camera>
    <camera camera_id="109">
      <photo path="../../../CroppedImages/Stuart Take 2 Cropped and Segmented/cs_output0116.png">
        <meta>
          <property name="File/ImageHeight" value="1350"/>
          <property name="File/ImageWidth" value="960"/>
          <property name="System/FileModifyDate" value="2024:02:12 21:18:16"/>
          <property name="System/FileSize" value="262372"/>
        </meta>
      </photo>
    </camera>
    <camera camera_id="110">
      <photo path="../../../CroppedImages/Stuart Take 2 Cropped and Segmented/cs_output0117.png">
        <meta>
          <property name="File/ImageHeight" value="1350"/>
          <property name="File/ImageWidth" value="960"/>
          <property name="System/FileModifyDate" value="2024:02:12 21:18:18"/>
          <property name="System/FileSize" value="259990"/>
        </meta>
      </photo>
    </camera>
    <camera camera_id="111">
      <photo path="../../../CroppedImages/Stuart Take 2 Cropped and Segmented/cs_output0118.png">
        <meta>
          <property name="File/ImageHeight" value="1350"/>
          <property name="File/ImageWidth" value="960"/>
          <property name="System/FileModifyDate" value="2024:02:12 21:18:19"/>
          <property name="System/FileSize" value="261789"/>
        </meta>
      </photo>
    </camera>
    <camera camera_id="112">
      <photo path="../../../CroppedImages/Stuart Take 2 Cropped and Segmented/cs_output0119.png">
        <meta>
          <property name="File/ImageHeight" value="1350"/>
          <property name="File/ImageWidth" value="960"/>
          <property name="System/FileModifyDate" value="2024:02:12 21:18:20"/>
          <property name="System/FileSize" value="272638"/>
        </meta>
      </photo>
    </camera>
    <camera camera_id="113">
      <photo path="../../../CroppedImages/Stuart Take 2 Cropped and Segmented/cs_output0120.png">
        <meta>
          <property name="File/ImageHeight" value="1350"/>
          <property name="File/ImageWidth" value="960"/>
          <property name="System/FileModifyDate" value="2024:02:12 21:18:21"/>
          <property name="System/FileSize" value="309649"/>
        </meta>
      </photo>
    </camera>
    <camera camera_id="114">
      <photo path="../../../CroppedImages/Stuart Take 2 Cropped and Segmented/cs_output0121.png">
        <meta>
          <property name="File/ImageHeight" value="1350"/>
          <property name="File/ImageWidth" value="960"/>
          <property name="System/FileModifyDate" value="2024:02:12 21:18:23"/>
          <property name="System/FileSize" value="299304"/>
        </meta>
      </photo>
    </camera>
    <camera camera_id="115">
      <photo path="../../../CroppedImages/Stuart Take 2 Cropped and Segmented/cs_output0122.png">
        <meta>
          <property name="File/ImageHeight" value="1350"/>
          <property name="File/ImageWidth" value="960"/>
          <property name="System/FileModifyDate" value="2024:02:12 21:18:24"/>
          <property name="System/FileSize" value="297083"/>
        </meta>
      </photo>
    </camera>
    <camera camera_id="116">
      <photo path="../../../CroppedImages/Stuart Take 2 Cropped and Segmented/cs_output0123.png">
        <meta>
          <property name="File/ImageHeight" value="1350"/>
          <property name="File/ImageWidth" value="960"/>
          <property name="System/FileModifyDate" value="2024:02:12 21:18:25"/>
          <property name="System/FileSize" value="270051"/>
        </meta>
      </photo>
    </camera>
    <camera camera_id="117">
      <photo path="../../../CroppedImages/Stuart Take 2 Cropped and Segmented/cs_output0124.png">
        <meta>
          <property name="File/ImageHeight" value="1350"/>
          <property name="File/ImageWidth" value="960"/>
          <property name="System/FileModifyDate" value="2024:02:12 21:18:26"/>
          <property name="System/FileSize" value="236653"/>
        </meta>
      </photo>
    </camera>
    <camera camera_id="118">
      <photo path="../../../CroppedImages/Stuart Take 2 Cropped and Segmented/cs_output0125.png">
        <meta>
          <property name="File/ImageHeight" value="1350"/>
          <property name="File/ImageWidth" value="960"/>
          <property name="System/FileModifyDate" value="2024:02:12 21:18:27"/>
          <property name="System/FileSize" value="278783"/>
        </meta>
      </photo>
    </camera>
    <camera camera_id="119">
      <photo path="../../../CroppedImages/Stuart Take 2 Cropped and Segmented/cs_output0126.png">
        <meta>
          <property name="File/ImageHeight" value="1350"/>
          <property name="File/ImageWidth" value="960"/>
          <property name="System/FileModifyDate" value="2024:02:12 21:18:29"/>
          <property name="System/FileSize" value="215923"/>
        </meta>
      </photo>
    </camera>
    <camera camera_id="120">
      <photo path="../../../CroppedImages/Stuart Take 2 Cropped and Segmented/cs_output0127.png">
        <meta>
          <property name="File/ImageHeight" value="1350"/>
          <property name="File/ImageWidth" value="960"/>
          <property name="System/FileModifyDate" value="2024:02:12 21:18:30"/>
          <property name="System/FileSize" value="245555"/>
        </meta>
      </photo>
    </camera>
    <camera camera_id="121">
      <photo path="../../../CroppedImages/Stuart Take 2 Cropped and Segmented/cs_output0128.png">
        <meta>
          <property name="File/ImageHeight" value="1350"/>
          <property name="File/ImageWidth" value="960"/>
          <property name="System/FileModifyDate" value="2024:02:12 21:18:31"/>
          <property name="System/FileSize" value="220560"/>
        </meta>
      </photo>
    </camera>
    <camera camera_id="122">
      <photo path="../../../CroppedImages/Stuart Take 2 Cropped and Segmented/cs_output0129.png">
        <meta>
          <property name="File/ImageHeight" value="1350"/>
          <property name="File/ImageWidth" value="960"/>
          <property name="System/FileModifyDate" value="2024:02:12 21:18:32"/>
          <property name="System/FileSize" value="204535"/>
        </meta>
      </photo>
    </camera>
    <camera camera_id="123">
      <photo path="../../../CroppedImages/Stuart Take 2 Cropped and Segmented/cs_output0130.png">
        <meta>
          <property name="File/ImageHeight" value="1350"/>
          <property name="File/ImageWidth" value="960"/>
          <property name="System/FileModifyDate" value="2024:02:12 21:18:34"/>
          <property name="System/FileSize" value="207474"/>
        </meta>
      </photo>
    </camera>
    <camera camera_id="124">
      <photo path="../../../CroppedImages/Stuart Take 2 Cropped and Segmented/cs_output0131.png">
        <meta>
          <property name="File/ImageHeight" value="1350"/>
          <property name="File/ImageWidth" value="960"/>
          <property name="System/FileModifyDate" value="2024:02:12 21:18:35"/>
          <property name="System/FileSize" value="203990"/>
        </meta>
      </photo>
    </camera>
    <camera camera_id="125">
      <photo path="../../../CroppedImages/Stuart Take 2 Cropped and Segmented/cs_output0132.png">
        <meta>
          <property name="File/ImageHeight" value="1350"/>
          <property name="File/ImageWidth" value="960"/>
          <property name="System/FileModifyDate" value="2024:02:12 21:18:36"/>
          <property name="System/FileSize" value="210421"/>
        </meta>
      </photo>
    </camera>
    <camera camera_id="126">
      <photo path="../../../CroppedImages/Stuart Take 2 Cropped and Segmented/cs_output0133.png">
        <meta>
          <property name="File/ImageHeight" value="1350"/>
          <property name="File/ImageWidth" value="960"/>
          <property name="System/FileModifyDate" value="2024:02:12 21:18:37"/>
          <property name="System/FileSize" value="205556"/>
        </meta>
      </photo>
    </camera>
    <camera camera_id="127">
      <photo path="../../../CroppedImages/Stuart Take 2 Cropped and Segmented/cs_output0134.png">
        <meta>
          <property name="File/ImageHeight" value="1350"/>
          <property name="File/ImageWidth" value="960"/>
          <property name="System/FileModifyDate" value="2024:02:12 21:18:38"/>
          <property name="System/FileSize" value="200667"/>
        </meta>
      </photo>
    </camera>
    <camera camera_id="128">
      <photo path="../../../CroppedImages/Stuart Take 2 Cropped and Segmented/cs_output0135.png">
        <meta>
          <property name="File/ImageHeight" value="1350"/>
          <property name="File/ImageWidth" value="960"/>
          <property name="System/FileModifyDate" value="2024:02:12 21:18:39"/>
          <property name="System/FileSize" value="182583"/>
        </meta>
      </photo>
    </camera>
    <camera camera_id="129">
      <photo path="../../../CroppedImages/Stuart Take 2 Cropped and Segmented/cs_output0136.png">
        <meta>
          <property name="File/ImageHeight" value="1350"/>
          <property name="File/ImageWidth" value="960"/>
          <property name="System/FileModifyDate" value="2024:02:12 21:18:41"/>
          <property name="System/FileSize" value="171485"/>
        </meta>
      </photo>
    </camera>
    <camera camera_id="130">
      <photo path="../../../CroppedImages/Stuart Take 2 Cropped and Segmented/cs_output0137.png">
        <meta>
          <property name="File/ImageHeight" value="1350"/>
          <property name="File/ImageWidth" value="960"/>
          <property name="System/FileModifyDate" value="2024:02:12 21:18:42"/>
          <property name="System/FileSize" value="163705"/>
        </meta>
      </photo>
    </camera>
    <camera camera_id="131">
      <photo path="../../../CroppedImages/Stuart Take 2 Cropped and Segmented/cs_output0138.png">
        <meta>
          <property name="File/ImageHeight" value="1350"/>
          <property name="File/ImageWidth" value="960"/>
          <property name="System/FileModifyDate" value="2024:02:12 21:18:43"/>
          <property name="System/FileSize" value="162332"/>
        </meta>
      </photo>
    </camera>
    <camera camera_id="132">
      <photo path="../../../CroppedImages/Stuart Take 2 Cropped and Segmented/cs_output0139.png">
        <meta>
          <property name="File/ImageHeight" value="1350"/>
          <property name="File/ImageWidth" value="960"/>
          <property name="System/FileModifyDate" value="2024:02:12 21:18:44"/>
          <property name="System/FileSize" value="146784"/>
        </meta>
      </photo>
    </camera>
    <camera camera_id="133">
      <photo path="../../../CroppedImages/Stuart Take 2 Cropped and Segmented/cs_output0140.png">
        <meta>
          <property name="File/ImageHeight" value="1350"/>
          <property name="File/ImageWidth" value="960"/>
          <property name="System/FileModifyDate" value="2024:02:12 21:18:45"/>
          <property name="System/FileSize" value="141978"/>
        </meta>
      </photo>
    </camera>
    <camera camera_id="134">
      <photo path="../../../CroppedImages/Stuart Take 2 Cropped and Segmented/cs_output0141.png">
        <meta>
          <property name="File/ImageHeight" value="1350"/>
          <property name="File/ImageWidth" value="960"/>
          <property name="System/FileModifyDate" value="2024:02:12 21:18:46"/>
          <property name="System/FileSize" value="143561"/>
        </meta>
      </photo>
    </camera>
    <camera camera_id="135">
      <photo path="../../../CroppedImages/Stuart Take 2 Cropped and Segmented/cs_output0142.png">
        <meta>
          <property name="File/ImageHeight" value="1350"/>
          <property name="File/ImageWidth" value="960"/>
          <property name="System/FileModifyDate" value="2024:02:12 21:18:48"/>
          <property name="System/FileSize" value="149488"/>
        </meta>
      </photo>
    </camera>
    <camera camera_id="136">
      <photo path="../../../CroppedImages/Stuart Take 2 Cropped and Segmented/cs_output0143.png">
        <meta>
          <property name="File/ImageHeight" value="1350"/>
          <property name="File/ImageWidth" value="960"/>
          <property name="System/FileModifyDate" value="2024:02:12 21:18:49"/>
          <property name="System/FileSize" value="158662"/>
        </meta>
      </photo>
    </camera>
    <camera camera_id="137">
      <photo path="../../../CroppedImages/Stuart Take 2 Cropped and Segmented/cs_output0144.png">
        <meta>
          <property name="File/ImageHeight" value="1350"/>
          <property name="File/ImageWidth" value="960"/>
          <property name="System/FileModifyDate" value="2024:02:12 21:18:50"/>
          <property name="System/FileSize" value="131607"/>
        </meta>
      </photo>
    </camera>
    <camera camera_id="138">
      <photo path="../../../CroppedImages/Stuart Take 2 Cropped and Segmented/cs_output0145.png">
        <meta>
          <property name="File/ImageHeight" value="1350"/>
          <property name="File/ImageWidth" value="960"/>
          <property name="System/FileModifyDate" value="2024:02:12 21:18:51"/>
          <property name="System/FileSize" value="143956"/>
        </meta>
      </photo>
    </camera>
    <camera camera_id="139">
      <photo path="../../../CroppedImages/Stuart Take 2 Cropped and Segmented/cs_output0146.png">
        <meta>
          <property name="File/ImageHeight" value="1350"/>
          <property name="File/ImageWidth" value="960"/>
          <property name="System/FileModifyDate" value="2024:02:12 21:18:52"/>
          <property name="System/FileSize" value="151715"/>
        </meta>
      </photo>
    </camera>
    <camera camera_id="140">
      <photo path="../../../CroppedImages/Stuart Take 2 Cropped and Segmented/cs_output0147.png">
        <meta>
          <property name="File/ImageHeight" value="1350"/>
          <property name="File/ImageWidth" value="960"/>
          <property name="System/FileModifyDate" value="2024:02:12 21:18:54"/>
          <property name="System/FileSize" value="148588"/>
        </meta>
      </photo>
    </camera>
    <camera camera_id="141">
      <photo path="../../../CroppedImages/Stuart Take 2 Cropped and Segmented/cs_output0148.png">
        <meta>
          <property name="File/ImageHeight" value="1350"/>
          <property name="File/ImageWidth" value="960"/>
          <property name="System/FileModifyDate" value="2024:02:12 21:18:55"/>
          <property name="System/FileSize" value="141792"/>
        </meta>
      </photo>
    </camera>
    <camera camera_id="142">
      <photo path="../../../CroppedImages/Stuart Take 2 Cropped and Segmented/cs_output0149.png">
        <meta>
          <property name="File/ImageHeight" value="1350"/>
          <property name="File/ImageWidth" value="960"/>
          <property name="System/FileModifyDate" value="2024:02:12 21:18:56"/>
          <property name="System/FileSize" value="146444"/>
        </meta>
      </photo>
    </camera>
    <camera camera_id="143">
      <photo path="../../../CroppedImages/Stuart Take 2 Cropped and Segmented/cs_output0150.png">
        <meta>
          <property name="File/ImageHeight" value="1350"/>
          <property name="File/ImageWidth" value="960"/>
          <property name="System/FileModifyDate" value="2024:02:12 21:18:57"/>
          <property name="System/FileSize" value="156552"/>
        </meta>
      </photo>
    </camera>
    <camera camera_id="144">
      <photo path="../../../CroppedImages/Stuart Take 2 Cropped and Segmented/cs_output0151.png">
        <meta>
          <property name="File/ImageHeight" value="1350"/>
          <property name="File/ImageWidth" value="960"/>
          <property name="System/FileModifyDate" value="2024:02:12 21:18:58"/>
          <property name="System/FileSize" value="167947"/>
        </meta>
      </photo>
    </camera>
    <camera camera_id="145">
      <photo path="../../../CroppedImages/Stuart Take 2 Cropped and Segmented/cs_output0152.png">
        <meta>
          <property name="File/ImageHeight" value="1350"/>
          <property name="File/ImageWidth" value="960"/>
          <property name="System/FileModifyDate" value="2024:02:12 21:18:59"/>
          <property name="System/FileSize" value="175004"/>
        </meta>
      </photo>
    </camera>
    <camera camera_id="146">
      <photo path="../../../CroppedImages/Stuart Take 2 Cropped and Segmented/cs_output0153.png">
        <meta>
          <property name="File/ImageHeight" value="1350"/>
          <property name="File/ImageWidth" value="960"/>
          <property name="System/FileModifyDate" value="2024:02:12 21:19:01"/>
          <property name="System/FileSize" value="189401"/>
        </meta>
      </photo>
    </camera>
    <camera camera_id="147">
      <photo path="../../../CroppedImages/Stuart Take 2 Cropped and Segmented/cs_output0154.png">
        <meta>
          <property name="File/ImageHeight" value="1350"/>
          <property name="File/ImageWidth" value="960"/>
          <property name="System/FileModifyDate" value="2024:02:12 21:19:02"/>
          <property name="System/FileSize" value="235197"/>
        </meta>
      </photo>
    </camera>
    <camera camera_id="148">
      <photo path="../../../CroppedImages/Stuart Take 2 Cropped and Segmented/cs_output0155.png">
        <meta>
          <property name="File/ImageHeight" value="1350"/>
          <property name="File/ImageWidth" value="960"/>
          <property name="System/FileModifyDate" value="2024:02:12 21:19:03"/>
          <property name="System/FileSize" value="244375"/>
        </meta>
      </photo>
    </camera>
    <camera camera_id="149">
      <photo path="../../../CroppedImages/Stuart Take 2 Cropped and Segmented/cs_output0156.png">
        <meta>
          <property name="File/ImageHeight" value="1350"/>
          <property name="File/ImageWidth" value="960"/>
          <property name="System/FileModifyDate" value="2024:02:12 21:19:04"/>
          <property name="System/FileSize" value="251039"/>
        </meta>
      </photo>
    </camera>
    <camera camera_id="150">
      <photo path="../../../CroppedImages/Stuart Take 2 Cropped and Segmented/cs_output0157.png">
        <meta>
          <property name="File/ImageHeight" value="1350"/>
          <property name="File/ImageWidth" value="960"/>
          <property name="System/FileModifyDate" value="2024:02:12 21:19:05"/>
          <property name="System/FileSize" value="266139"/>
        </meta>
      </photo>
    </camera>
    <camera camera_id="151">
      <photo path="../../../CroppedImages/Stuart Take 2 Cropped and Segmented/cs_output0158.png">
        <meta>
          <property name="File/ImageHeight" value="1350"/>
          <property name="File/ImageWidth" value="960"/>
          <property name="System/FileModifyDate" value="2024:02:12 21:19:07"/>
          <property name="System/FileSize" value="280696"/>
        </meta>
      </photo>
    </camera>
    <camera camera_id="152">
      <photo path="../../../CroppedImages/Stuart Take 2 Cropped and Segmented/cs_output0159.png">
        <meta>
          <property name="File/ImageHeight" value="1350"/>
          <property name="File/ImageWidth" value="960"/>
          <property name="System/FileModifyDate" value="2024:02:12 21:19:08"/>
          <property name="System/FileSize" value="303172"/>
        </meta>
      </photo>
    </camera>
    <camera camera_id="153">
      <photo path="../../../CroppedImages/Stuart Take 2 Cropped and Segmented/cs_output0160.png">
        <meta>
          <property name="File/ImageHeight" value="1350"/>
          <property name="File/ImageWidth" value="960"/>
          <property name="System/FileModifyDate" value="2024:02:12 21:19:09"/>
          <property name="System/FileSize" value="305502"/>
        </meta>
      </photo>
    </camera>
    <camera camera_id="154">
      <photo path="../../../CroppedImages/Stuart Take 2 Cropped and Segmented/cs_output0161.png">
        <meta>
          <property name="File/ImageHeight" value="1350"/>
          <property name="File/ImageWidth" value="960"/>
          <property name="System/FileModifyDate" value="2024:02:12 21:19:10"/>
          <property name="System/FileSize" value="289410"/>
        </meta>
      </photo>
    </camera>
    <camera camera_id="155">
      <photo path="../../../CroppedImages/Stuart Take 2 Cropped and Segmented/cs_output0162.png">
        <meta>
          <property name="File/ImageHeight" value="1350"/>
          <property name="File/ImageWidth" value="960"/>
          <property name="System/FileModifyDate" value="2024:02:12 21:19:12"/>
          <property name="System/FileSize" value="296922"/>
        </meta>
      </photo>
    </camera>
    <camera camera_id="156">
      <photo path="../../../CroppedImages/Stuart Take 2 Cropped and Segmented/cs_output0163.png">
        <meta>
          <property name="File/ImageHeight" value="1350"/>
          <property name="File/ImageWidth" value="960"/>
          <property name="System/FileModifyDate" value="2024:02:12 21:19:13"/>
          <property name="System/FileSize" value="302869"/>
        </meta>
      </photo>
    </camera>
    <camera camera_id="157">
      <photo path="../../../CroppedImages/Stuart Take 2 Cropped and Segmented/cs_output0164.png">
        <meta>
          <property name="File/ImageHeight" value="1350"/>
          <property name="File/ImageWidth" value="960"/>
          <property name="System/FileModifyDate" value="2024:02:12 21:19:14"/>
          <property name="System/FileSize" value="319670"/>
        </meta>
      </photo>
    </camera>
    <camera camera_id="158">
      <photo path="../../../CroppedImages/Stuart Take 2 Cropped and Segmented/cs_output0165.png">
        <meta>
          <property name="File/ImageHeight" value="1350"/>
          <property name="File/ImageWidth" value="960"/>
          <property name="System/FileModifyDate" value="2024:02:12 21:19:15"/>
          <property name="System/FileSize" value="317632"/>
        </meta>
      </photo>
    </camera>
    <camera camera_id="159">
      <photo path="../../../CroppedImages/Stuart Take 2 Cropped and Segmented/cs_output0166.png">
        <meta>
          <property name="File/ImageHeight" value="1350"/>
          <property name="File/ImageWidth" value="960"/>
          <property name="System/FileModifyDate" value="2024:02:12 21:19:16"/>
          <property name="System/FileSize" value="295568"/>
        </meta>
      </photo>
    </camera>
    <camera camera_id="160">
      <photo path="../../../CroppedImages/Stuart Take 2 Cropped and Segmented/cs_output0167.png">
        <meta>
          <property name="File/ImageHeight" value="1350"/>
          <property name="File/ImageWidth" value="960"/>
          <property name="System/FileModifyDate" value="2024:02:12 21:19:18"/>
          <property name="System/FileSize" value="287701"/>
        </meta>
      </photo>
    </camera>
    <camera camera_id="161">
      <photo path="../../../CroppedImages/Stuart Take 2 Cropped and Segmented/cs_output0168.png">
        <meta>
          <property name="File/ImageHeight" value="1350"/>
          <property name="File/ImageWidth" value="960"/>
          <property name="System/FileModifyDate" value="2024:02:12 21:19:19"/>
          <property name="System/FileSize" value="267127"/>
        </meta>
      </photo>
    </camera>
    <camera camera_id="162">
      <photo path="../../../CroppedImages/Stuart Take 2 Cropped and Segmented/cs_output0169.png">
        <meta>
          <property name="File/ImageHeight" value="1350"/>
          <property name="File/ImageWidth" value="960"/>
          <property name="System/FileModifyDate" value="2024:02:12 21:19:20"/>
          <property name="System/FileSize" value="267864"/>
        </meta>
      </photo>
    </camera>
    <camera camera_id="163">
      <photo path="../../../CroppedImages/Stuart Take 2 Cropped and Segmented/cs_output0170.png">
        <meta>
          <property name="File/ImageHeight" value="1350"/>
          <property name="File/ImageWidth" value="960"/>
          <property name="System/FileModifyDate" value="2024:02:12 21:19:21"/>
          <property name="System/FileSize" value="270227"/>
        </meta>
      </photo>
    </camera>
    <camera camera_id="164">
      <photo path="../../../CroppedImages/Stuart Take 2 Cropped and Segmented/cs_output0171.png">
        <meta>
          <property name="File/ImageHeight" value="1350"/>
          <property name="File/ImageWidth" value="960"/>
          <property name="System/FileModifyDate" value="2024:02:12 21:19:23"/>
          <property name="System/FileSize" value="256761"/>
        </meta>
      </photo>
    </camera>
    <camera camera_id="165">
      <photo path="../../../CroppedImages/Stuart Take 2 Cropped and Segmented/cs_output0172.png">
        <meta>
          <property name="File/ImageHeight" value="1350"/>
          <property name="File/ImageWidth" value="960"/>
          <property name="System/FileModifyDate" value="2024:02:12 21:19:24"/>
          <property name="System/FileSize" value="256096"/>
        </meta>
      </photo>
    </camera>
    <camera camera_id="166">
      <photo path="../../../CroppedImages/Stuart Take 2 Cropped and Segmented/cs_output0173.png">
        <meta>
          <property name="File/ImageHeight" value="1350"/>
          <property name="File/ImageWidth" value="960"/>
          <property name="System/FileModifyDate" value="2024:02:12 21:19:25"/>
          <property name="System/FileSize" value="248670"/>
        </meta>
      </photo>
    </camera>
    <camera camera_id="167">
      <photo path="../../../CroppedImages/Stuart Take 2 Cropped and Segmented/cs_output0174.png">
        <meta>
          <property name="File/ImageHeight" value="1350"/>
          <property name="File/ImageWidth" value="960"/>
          <property name="System/FileModifyDate" value="2024:02:12 21:19:26"/>
          <property name="System/FileSize" value="230947"/>
        </meta>
      </photo>
    </camera>
    <camera camera_id="168">
      <photo path="../../../CroppedImages/Stuart Take 2 Cropped and Segmented/cs_output0175.png">
        <meta>
          <property name="File/ImageHeight" value="1350"/>
          <property name="File/ImageWidth" value="960"/>
          <property name="System/FileModifyDate" value="2024:02:12 21:19:27"/>
          <property name="System/FileSize" value="248970"/>
        </meta>
      </photo>
    </camera>
    <camera camera_id="169">
      <photo path="../../../CroppedImages/Stuart Take 2 Cropped and Segmented/cs_output0176.png">
        <meta>
          <property name="File/ImageHeight" value="1350"/>
          <property name="File/ImageWidth" value="960"/>
          <property name="System/FileModifyDate" value="2024:02:12 21:19:29"/>
          <property name="System/FileSize" value="238294"/>
        </meta>
      </photo>
    </camera>
    <camera camera_id="170">
      <photo path="../../../CroppedImages/Stuart Take 2 Cropped and Segmented/cs_output0177.png">
        <meta>
          <property name="File/ImageHeight" value="1350"/>
          <property name="File/ImageWidth" value="960"/>
          <property name="System/FileModifyDate" value="2024:02:12 21:19:30"/>
          <property name="System/FileSize" value="230521"/>
        </meta>
      </photo>
    </camera>
    <camera camera_id="171">
      <photo path="../../../CroppedImages/Stuart Take 2 Cropped and Segmented/cs_output0178.png">
        <meta>
          <property name="File/ImageHeight" value="1350"/>
          <property name="File/ImageWidth" value="960"/>
          <property name="System/FileModifyDate" value="2024:02:12 21:19:31"/>
          <property name="System/FileSize" value="254563"/>
        </meta>
      </photo>
    </camera>
    <camera camera_id="172">
      <photo path="../../../CroppedImages/Stuart Take 2 Cropped and Segmented/cs_output0179.png">
        <meta>
          <property name="File/ImageHeight" value="1350"/>
          <property name="File/ImageWidth" value="960"/>
          <property name="System/FileModifyDate" value="2024:02:12 21:19:32"/>
          <property name="System/FileSize" value="266667"/>
        </meta>
      </photo>
    </camera>
    <camera camera_id="173">
      <photo path="../../../CroppedImages/Stuart Take 2 Cropped and Segmented/cs_output0180.png">
        <meta>
          <property name="File/ImageHeight" value="1350"/>
          <property name="File/ImageWidth" value="960"/>
          <property name="System/FileModifyDate" value="2024:02:12 21:19:34"/>
          <property name="System/FileSize" value="266884"/>
        </meta>
      </photo>
    </camera>
    <camera camera_id="174">
      <photo path="../../../CroppedImages/Stuart Take 2 Cropped and Segmented/cs_output0181.png">
        <meta>
          <property name="File/ImageHeight" value="1350"/>
          <property name="File/ImageWidth" value="960"/>
          <property name="System/FileModifyDate" value="2024:02:12 21:19:35"/>
          <property name="System/FileSize" value="277769"/>
        </meta>
      </photo>
    </camera>
    <camera camera_id="175">
      <photo path="../../../CroppedImages/Stuart Take 2 Cropped and Segmented/cs_output0182.png">
        <meta>
          <property name="File/ImageHeight" value="1350"/>
          <property name="File/ImageWidth" value="960"/>
          <property name="System/FileModifyDate" value="2024:02:12 21:19:36"/>
          <property name="System/FileSize" value="294027"/>
        </meta>
      </photo>
    </camera>
    <camera camera_id="176">
      <photo path="../../../CroppedImages/Stuart Take 2 Cropped and Segmented/cs_output0183.png">
        <meta>
          <property name="File/ImageHeight" value="1350"/>
          <property name="File/ImageWidth" value="960"/>
          <property name="System/FileModifyDate" value="2024:02:12 21:19:37"/>
          <property name="System/FileSize" value="277446"/>
        </meta>
      </photo>
    </camera>
    <camera camera_id="177">
      <photo path="../../../CroppedImages/Stuart Take 2 Cropped and Segmented/cs_output0184.png">
        <meta>
          <property name="File/ImageHeight" value="1350"/>
          <property name="File/ImageWidth" value="960"/>
          <property name="System/FileModifyDate" value="2024:02:12 21:19:38"/>
          <property name="System/FileSize" value="294965"/>
        </meta>
      </photo>
    </camera>
    <camera camera_id="178">
      <photo path="../../../CroppedImages/Stuart Take 2 Cropped and Segmented/cs_output0185.png">
        <meta>
          <property name="File/ImageHeight" value="1350"/>
          <property name="File/ImageWidth" value="960"/>
          <property name="System/FileModifyDate" value="2024:02:12 21:19:40"/>
          <property name="System/FileSize" value="290365"/>
        </meta>
      </photo>
    </camera>
    <camera camera_id="179">
      <photo path="../../../CroppedImages/Stuart Take 2 Cropped and Segmented/cs_output0186.png">
        <meta>
          <property name="File/ImageHeight" value="1350"/>
          <property name="File/ImageWidth" value="960"/>
          <property name="System/FileModifyDate" value="2024:02:12 21:19:41"/>
          <property name="System/FileSize" value="272257"/>
        </meta>
      </photo>
    </camera>
    <camera camera_id="180">
      <photo path="../../../CroppedImages/Stuart Take 2 Cropped and Segmented/cs_output0187.png">
        <meta>
          <property name="File/ImageHeight" value="1350"/>
          <property name="File/ImageWidth" value="960"/>
          <property name="System/FileModifyDate" value="2024:02:12 21:19:42"/>
          <property name="System/FileSize" value="266047"/>
        </meta>
      </photo>
    </camera>
    <camera camera_id="181">
      <photo path="../../../CroppedImages/Stuart Take 2 Cropped and Segmented/cs_output0188.png">
        <meta>
          <property name="File/ImageHeight" value="1350"/>
          <property name="File/ImageWidth" value="960"/>
          <property name="System/FileModifyDate" value="2024:02:12 21:19:43"/>
          <property name="System/FileSize" value="246322"/>
        </meta>
      </photo>
    </camera>
    <camera camera_id="182">
      <photo path="../../../CroppedImages/Stuart Take 2 Cropped and Segmented/cs_output0189.png">
        <meta>
          <property name="File/ImageHeight" value="1350"/>
          <property name="File/ImageWidth" value="960"/>
          <property name="System/FileModifyDate" value="2024:02:12 21:19:45"/>
          <property name="System/FileSize" value="249343"/>
        </meta>
      </photo>
    </camera>
    <camera camera_id="183">
      <photo path="../../../CroppedImages/Stuart Take 2 Cropped and Segmented/cs_output0190.png">
        <meta>
          <property name="File/ImageHeight" value="1350"/>
          <property name="File/ImageWidth" value="960"/>
          <property name="System/FileModifyDate" value="2024:02:12 21:19:46"/>
          <property name="System/FileSize" value="246691"/>
        </meta>
      </photo>
    </camera>
    <camera camera_id="184">
      <photo path="../../../CroppedImages/Stuart Take 2 Cropped and Segmented/cs_output0191.png">
        <meta>
          <property name="File/ImageHeight" value="1350"/>
          <property name="File/ImageWidth" value="960"/>
          <property name="System/FileModifyDate" value="2024:02:12 21:19:48"/>
          <property name="System/FileSize" value="238200"/>
        </meta>
      </photo>
    </camera>
    <camera camera_id="185">
      <photo path="../../../CroppedImages/Stuart Take 2 Cropped and Segmented/cs_output0192.png">
        <meta>
          <property name="File/ImageHeight" value="1350"/>
          <property name="File/ImageWidth" value="960"/>
          <property name="System/FileModifyDate" value="2024:02:12 21:19:50"/>
          <property name="System/FileSize" value="227502"/>
        </meta>
      </photo>
    </camera>
    <camera camera_id="186">
      <photo path="../../../CroppedImages/Stuart Take 2 Cropped and Segmented/cs_output0193.png">
        <meta>
          <property name="File/ImageHeight" value="1350"/>
          <property name="File/ImageWidth" value="960"/>
          <property name="System/FileModifyDate" value="2024:02:12 21:19:52"/>
          <property name="System/FileSize" value="232240"/>
        </meta>
      </photo>
    </camera>
    <camera camera_id="187">
      <photo path="../../../CroppedImages/Stuart Take 2 Cropped and Segmented/cs_output0194.png">
        <meta>
          <property name="File/ImageHeight" value="1350"/>
          <property name="File/ImageWidth" value="960"/>
          <property name="System/FileModifyDate" value="2024:02:12 21:19:53"/>
          <property name="System/FileSize" value="232222"/>
        </meta>
      </photo>
    </camera>
    <camera camera_id="188">
      <photo path="../../../CroppedImages/Stuart Take 2 Cropped and Segmented/cs_output0195.png">
        <meta>
          <property name="File/ImageHeight" value="1350"/>
          <property name="File/ImageWidth" value="960"/>
          <property name="System/FileModifyDate" value="2024:02:12 21:19:55"/>
          <property name="System/FileSize" value="228527"/>
        </meta>
      </photo>
    </camera>
    <camera camera_id="189">
      <photo path="../../../CroppedImages/Stuart Take 2 Cropped and Segmented/cs_output0196.png">
        <meta>
          <property name="File/ImageHeight" value="1350"/>
          <property name="File/ImageWidth" value="960"/>
          <property name="System/FileModifyDate" value="2024:02:12 21:19:56"/>
          <property name="System/FileSize" value="235376"/>
        </meta>
      </photo>
    </camera>
    <camera camera_id="190">
      <photo path="../../../CroppedImages/Stuart Take 2 Cropped and Segmented/cs_output0197.png">
        <meta>
          <property name="File/ImageHeight" value="1350"/>
          <property name="File/ImageWidth" value="960"/>
          <property name="System/FileModifyDate" value="2024:02:12 21:19:58"/>
          <property name="System/FileSize" value="223439"/>
        </meta>
      </photo>
    </camera>
    <camera camera_id="191">
      <photo path="../../../CroppedImages/Stuart Take 2 Cropped and Segmented/cs_output0198.png">
        <meta>
          <property name="File/ImageHeight" value="1350"/>
          <property name="File/ImageWidth" value="960"/>
          <property name="System/FileModifyDate" value="2024:02:12 21:19:59"/>
          <property name="System/FileSize" value="232813"/>
        </meta>
      </photo>
    </camera>
    <camera camera_id="192">
      <photo path="../../../CroppedImages/Stuart Take 2 Cropped and Segmented/cs_output0199.png">
        <meta>
          <property name="File/ImageHeight" value="1350"/>
          <property name="File/ImageWidth" value="960"/>
          <property name="System/FileModifyDate" value="2024:02:12 21:20:01"/>
          <property name="System/FileSize" value="230578"/>
        </meta>
      </photo>
    </camera>
    <camera camera_id="193">
      <photo path="../../../CroppedImages/Stuart Take 2 Cropped and Segmented/cs_output0200.png">
        <meta>
          <property name="File/ImageHeight" value="1350"/>
          <property name="File/ImageWidth" value="960"/>
          <property name="System/FileModifyDate" value="2024:02:12 21:20:02"/>
          <property name="System/FileSize" value="216070"/>
        </meta>
      </photo>
    </camera>
    <camera camera_id="194">
      <photo path="../../../CroppedImages/Stuart Take 2 Cropped and Segmented/cs_output0201.png">
        <meta>
          <property name="File/ImageHeight" value="1350"/>
          <property name="File/ImageWidth" value="960"/>
          <property name="System/FileModifyDate" value="2024:02:12 21:20:04"/>
          <property name="System/FileSize" value="199542"/>
        </meta>
      </photo>
    </camera>
    <camera camera_id="195">
      <photo path="../../../CroppedImages/Stuart Take 2 Cropped and Segmented/cs_output0202.png">
        <meta>
          <property name="File/ImageHeight" value="1350"/>
          <property name="File/ImageWidth" value="960"/>
          <property name="System/FileModifyDate" value="2024:02:12 21:20:05"/>
          <property name="System/FileSize" value="197769"/>
        </meta>
      </photo>
    </camera>
    <camera camera_id="196">
      <photo path="../../../CroppedImages/Stuart Take 2 Cropped and Segmented/cs_output0203.png">
        <meta>
          <property name="File/ImageHeight" value="1350"/>
          <property name="File/ImageWidth" value="960"/>
          <property name="System/FileModifyDate" value="2024:02:12 21:20:07"/>
          <property name="System/FileSize" value="189543"/>
        </meta>
      </photo>
    </camera>
    <camera camera_id="197">
      <photo path="../../../CroppedImages/Stuart Take 2 Cropped and Segmented/cs_output0204.png">
        <meta>
          <property name="File/ImageHeight" value="1350"/>
          <property name="File/ImageWidth" value="960"/>
          <property name="System/FileModifyDate" value="2024:02:12 21:20:08"/>
          <property name="System/FileSize" value="191091"/>
        </meta>
      </photo>
    </camera>
    <camera camera_id="198">
      <photo path="../../../CroppedImages/Stuart Take 2 Cropped and Segmented/cs_output0205.png">
        <meta>
          <property name="File/ImageHeight" value="1350"/>
          <property name="File/ImageWidth" value="960"/>
          <property name="System/FileModifyDate" value="2024:02:12 21:20:09"/>
          <property name="System/FileSize" value="180034"/>
        </meta>
      </photo>
    </camera>
    <camera camera_id="199">
      <photo path="../../../CroppedImages/Stuart Take 2 Cropped and Segmented/cs_output0206.png">
        <meta>
          <property name="File/ImageHeight" value="1350"/>
          <property name="File/ImageWidth" value="960"/>
          <property name="System/FileModifyDate" value="2024:02:12 21:20:11"/>
          <property name="System/FileSize" value="173653"/>
        </meta>
      </photo>
    </camera>
    <camera camera_id="200">
      <photo path="../../../CroppedImages/Stuart Take 2 Cropped and Segmented/cs_output0207.png">
        <meta>
          <property name="File/ImageHeight" value="1350"/>
          <property name="File/ImageWidth" value="960"/>
          <property name="System/FileModifyDate" value="2024:02:12 21:20:12"/>
          <property name="System/FileSize" value="163488"/>
        </meta>
      </photo>
    </camera>
    <camera camera_id="201">
      <photo path="../../../CroppedImages/Stuart Take 2 Cropped and Segmented/cs_output0208.png">
        <meta>
          <property name="File/ImageHeight" value="1350"/>
          <property name="File/ImageWidth" value="960"/>
          <property name="System/FileModifyDate" value="2024:02:12 21:20:13"/>
          <property name="System/FileSize" value="163791"/>
        </meta>
      </photo>
    </camera>
    <camera camera_id="202">
      <photo path="../../../CroppedImages/Stuart Take 2 Cropped and Segmented/cs_output0209.png">
        <meta>
          <property name="File/ImageHeight" value="1350"/>
          <property name="File/ImageWidth" value="960"/>
          <property name="System/FileModifyDate" value="2024:02:12 21:20:15"/>
          <property name="System/FileSize" value="49786"/>
        </meta>
      </photo>
    </camera>
    <camera camera_id="203">
      <photo path="../../../CroppedImages/Stuart Take 2 Cropped and Segmented/cs_output0210.png">
        <meta>
          <property name="File/ImageHeight" value="1350"/>
          <property name="File/ImageWidth" value="960"/>
          <property name="System/FileModifyDate" value="2024:02:12 21:20:16"/>
          <property name="System/FileSize" value="72347"/>
        </meta>
      </photo>
    </camera>
    <camera camera_id="204">
      <photo path="../../../CroppedImages/Stuart Take 2 Cropped and Segmented/cs_output0211.png">
        <meta>
          <property name="File/ImageHeight" value="1350"/>
          <property name="File/ImageWidth" value="960"/>
          <property name="System/FileModifyDate" value="2024:02:12 21:20:17"/>
          <property name="System/FileSize" value="168155"/>
        </meta>
      </photo>
    </camera>
    <camera camera_id="205">
      <photo path="../../../CroppedImages/Stuart Take 2 Cropped and Segmented/cs_output0212.png">
        <meta>
          <property name="File/ImageHeight" value="1350"/>
          <property name="File/ImageWidth" value="960"/>
          <property name="System/FileModifyDate" value="2024:02:12 21:20:18"/>
          <property name="System/FileSize" value="168356"/>
        </meta>
      </photo>
    </camera>
    <camera camera_id="206">
      <photo path="../../../CroppedImages/Stuart Take 2 Cropped and Segmented/cs_output0213.png">
        <meta>
          <property name="File/ImageHeight" value="1350"/>
          <property name="File/ImageWidth" value="960"/>
          <property name="System/FileModifyDate" value="2024:02:12 21:20:20"/>
          <property name="System/FileSize" value="166817"/>
        </meta>
      </photo>
    </camera>
    <camera camera_id="207">
      <photo path="../../../CroppedImages/Stuart Take 2 Cropped and Segmented/cs_output0214.png">
        <meta>
          <property name="File/ImageHeight" value="1350"/>
          <property name="File/ImageWidth" value="960"/>
          <property name="System/FileModifyDate" value="2024:02:12 21:20:21"/>
          <property name="System/FileSize" value="152299"/>
        </meta>
      </photo>
    </camera>
    <camera camera_id="208">
      <photo path="../../../CroppedImages/Stuart Take 2 Cropped and Segmented/cs_output0215.png">
        <meta>
          <property name="File/ImageHeight" value="1350"/>
          <property name="File/ImageWidth" value="960"/>
          <property name="System/FileModifyDate" value="2024:02:12 21:20:22"/>
          <property name="System/FileSize" value="156426"/>
        </meta>
      </photo>
    </camera>
    <camera camera_id="209">
      <photo path="../../../CroppedImages/Stuart Take 2 Cropped and Segmented/cs_output0216.png">
        <meta>
          <property name="File/ImageHeight" value="1350"/>
          <property name="File/ImageWidth" value="960"/>
          <property name="System/FileModifyDate" value="2024:02:12 21:20:24"/>
          <property name="System/FileSize" value="153828"/>
        </meta>
      </photo>
    </camera>
    <camera camera_id="210">
      <photo path="../../../CroppedImages/Stuart Take 2 Cropped and Segmented/cs_output0217.png">
        <meta>
          <property name="File/ImageHeight" value="1350"/>
          <property name="File/ImageWidth" value="960"/>
          <property name="System/FileModifyDate" value="2024:02:12 21:20:25"/>
          <property name="System/FileSize" value="149002"/>
        </meta>
      </photo>
    </camera>
    <camera camera_id="211">
      <photo path="../../../CroppedImages/Stuart Take 2 Cropped and Segmented/cs_output0218.png">
        <meta>
          <property name="File/ImageHeight" value="1350"/>
          <property name="File/ImageWidth" value="960"/>
          <property name="System/FileModifyDate" value="2024:02:12 21:20:26"/>
          <property name="System/FileSize" value="148472"/>
        </meta>
      </photo>
    </camera>
  </cameras>
  <thumbnails path="thumbnails/thumbnails.zip"/>
  <point_cloud path="point_cloud/point_cloud.zip"/>
  <depth_maps id="0" path="depth_maps/depth_maps.zip"/>
  <dense_cloud id="0" path="dense_cloud/dense_cloud.zip"/>
  <model id="0" path="model/model.zip"/>
</frame>
