<?xml version="1.0" encoding="UTF-8"?>
<dense_cloud version="1.2.0">
  <tiles>
    <tile path="dense_cloud.oc3">
      <totalCount>1828263</totalCount>
      <validCount>1828263</validCount>
      <pointCount class="0">1828263</pointCount>
      <coordinatePrecision>0.00132399433579563</coordinatePrecision>
      <hasPointColors>true</hasPointColors>
      <hasPointNormals>true</hasPointNormals>
      <hasPointIntensity>false</hasPointIntensity>
      <hasPointConfidence>false</hasPointConfidence>
      <hasPointReturnIndex>false</hasPointReturnIndex>
      <hasPointReturnCount>false</hasPointReturnCount>
      <hasPointScanAngle>false</hasPointScanAngle>
      <hasPointSourceId>false</hasPointSourceId>
      <hasPointTimestamp>false</hasPointTimestamp>
      <hasPointRowIndex>false</hasPointRowIndex>
      <hasPointColumnIndex>false</hasPointColumnIndex>
    </tile>
  </tiles>
  <params>
    <dataType>uint8</dataType>
    <bands>
      <band label="Red"/>
      <band label="Green"/>
      <band label="Blue"/>
    </bands>
    <color>#ff8080b0</color>
  </params>
  <meta>
    <property name="BuildDepthMaps/cameras" value=""/>
    <property name="BuildDepthMaps/downscale" value="1"/>
    <property name="BuildDepthMaps/duration" value="59.403"/>
    <property name="BuildDepthMaps/filter_mode" value="2"/>
    <property name="BuildDepthMaps/max_neighbors" value="16"/>
    <property name="BuildDepthMaps/max_workgroup_size" value="100"/>
    <property name="BuildDepthMaps/reuse_depth" value="false"/>
    <property name="BuildDepthMaps/subdivide_task" value="true"/>
    <property name="BuildDepthMaps/workitem_size_cameras" value="20"/>
    <property name="BuildPointCloud/asset" value="4294967295"/>
    <property name="BuildPointCloud/duration" value="228.878"/>
    <property name="BuildPointCloud/frames" value=""/>
    <property name="BuildPointCloud/keep_depth" value="true"/>
    <property name="BuildPointCloud/max_neighbors" value="100"/>
    <property name="BuildPointCloud/max_workgroup_size" value="100"/>
    <property name="BuildPointCloud/point_colors" value="true"/>
    <property name="BuildPointCloud/point_confidence" value="false"/>
    <property name="BuildPointCloud/points_spacing" value="0.10000000000000001"/>
    <property name="BuildPointCloud/replace_asset" value="false"/>
    <property name="BuildPointCloud/resolution" value="0.00529597734318252"/>
    <property name="BuildPointCloud/source_data" value="6"/>
    <property name="BuildPointCloud/subdivide_task" value="true"/>
    <property name="BuildPointCloud/uniform_sampling" value="true"/>
    <property name="BuildPointCloud/workitem_size_cameras" value="20"/>
    <property name="Info/LastSavedDateTime" value="2024:02:12 22:25:44"/>
    <property name="Info/LastSavedSoftwareVersion" value="2.1.0.17532"/>
    <property name="Info/OriginalDateTime" value="2024:02:12 21:50:53"/>
    <property name="Info/OriginalSoftwareVersion" value="2.1.0.17532"/>
  </meta>
</dense_cloud>
