<?xml version="1.0" encoding="UTF-8"?>
<point_cloud version="1.2.0">
  <params>
    <dataType>uint8</dataType>
    <bands>
      <band label="Red"/>
      <band label="Green"/>
      <band label="Blue"/>
    </bands>
  </params>
  <tracks path="tracks.ply" count="49922"/>
  <points component_id="0" path="points0.ply" count="29748"/>
  <projections camera_id="0" path="p0.ply" count="448"/>
  <projections camera_id="1" path="p1.ply" count="517"/>
  <projections camera_id="2" path="p2.ply" count="366"/>
  <projections camera_id="3" path="p3.ply" count="540"/>
  <projections camera_id="4" path="p4.ply" count="581"/>
  <projections camera_id="5" path="p5.ply" count="682"/>
  <projections camera_id="6" path="p6.ply" count="677"/>
  <projections camera_id="7" path="p7.ply" count="746"/>
  <projections camera_id="8" path="p8.ply" count="674"/>
  <projections camera_id="9" path="p9.ply" count="651"/>
  <projections camera_id="10" path="p10.ply" count="774"/>
  <projections camera_id="11" path="p11.ply" count="665"/>
  <projections camera_id="12" path="p12.ply" count="779"/>
  <projections camera_id="13" path="p13.ply" count="842"/>
  <projections camera_id="14" path="p14.ply" count="831"/>
  <projections camera_id="15" path="p15.ply" count="878"/>
  <projections camera_id="16" path="p16.ply" count="925"/>
  <projections camera_id="17" path="p17.ply" count="986"/>
  <projections camera_id="18" path="p18.ply" count="1049"/>
  <projections camera_id="19" path="p19.ply" count="1139"/>
  <projections camera_id="20" path="p20.ply" count="1010"/>
  <projections camera_id="21" path="p21.ply" count="590"/>
  <projections camera_id="22" path="p22.ply" count="649"/>
  <projections camera_id="23" path="p23.ply" count="865"/>
  <projections camera_id="24" path="p24.ply" count="667"/>
  <projections camera_id="25" path="p25.ply" count="791"/>
  <projections camera_id="26" path="p26.ply" count="970"/>
  <projections camera_id="27" path="p27.ply" count="786"/>
  <projections camera_id="28" path="p28.ply" count="742"/>
  <projections camera_id="29" path="p29.ply" count="619"/>
  <projections camera_id="30" path="p30.ply" count="939"/>
  <projections camera_id="31" path="p31.ply" count="928"/>
  <projections camera_id="32" path="p32.ply" count="538"/>
  <projections camera_id="33" path="p33.ply" count="803"/>
  <projections camera_id="34" path="p34.ply" count="770"/>
  <projections camera_id="35" path="p35.ply" count="849"/>
  <projections camera_id="36" path="p36.ply" count="920"/>
  <projections camera_id="37" path="p37.ply" count="958"/>
  <projections camera_id="38" path="p38.ply" count="941"/>
  <projections camera_id="39" path="p39.ply" count="902"/>
  <projections camera_id="40" path="p40.ply" count="986"/>
  <projections camera_id="41" path="p41.ply" count="859"/>
  <projections camera_id="42" path="p42.ply" count="802"/>
  <projections camera_id="43" path="p43.ply" count="781"/>
  <projections camera_id="44" path="p44.ply" count="784"/>
  <projections camera_id="45" path="p45.ply" count="892"/>
  <projections camera_id="46" path="p46.ply" count="910"/>
  <projections camera_id="47" path="p47.ply" count="925"/>
  <projections camera_id="48" path="p48.ply" count="949"/>
  <projections camera_id="49" path="p49.ply" count="1018"/>
  <projections camera_id="50" path="p50.ply" count="1065"/>
  <projections camera_id="51" path="p51.ply" count="1021"/>
  <projections camera_id="52" path="p52.ply" count="1014"/>
  <projections camera_id="53" path="p53.ply" count="1033"/>
  <projections camera_id="54" path="p54.ply" count="986"/>
  <projections camera_id="55" path="p55.ply" count="995"/>
  <projections camera_id="56" path="p56.ply" count="972"/>
  <projections camera_id="57" path="p57.ply" count="967"/>
  <projections camera_id="58" path="p58.ply" count="925"/>
  <projections camera_id="59" path="p59.ply" count="885"/>
  <projections camera_id="60" path="p60.ply" count="795"/>
  <projections camera_id="61" path="p61.ply" count="858"/>
  <projections camera_id="62" path="p62.ply" count="839"/>
  <projections camera_id="63" path="p63.ply" count="856"/>
  <projections camera_id="64" path="p64.ply" count="820"/>
  <projections camera_id="65" path="p65.ply" count="801"/>
  <projections camera_id="66" path="p66.ply" count="675"/>
  <projections camera_id="67" path="p67.ply" count="734"/>
  <projections camera_id="68" path="p68.ply" count="674"/>
  <projections camera_id="69" path="p69.ply" count="639"/>
  <projections camera_id="70" path="p70.ply" count="661"/>
  <projections camera_id="71" path="p71.ply" count="636"/>
  <projections camera_id="72" path="p72.ply" count="581"/>
  <projections camera_id="73" path="p73.ply" count="602"/>
  <projections camera_id="74" path="p74.ply" count="660"/>
  <projections camera_id="75" path="p75.ply" count="718"/>
  <projections camera_id="76" path="p76.ply" count="746"/>
  <projections camera_id="77" path="p77.ply" count="683"/>
  <projections camera_id="78" path="p78.ply" count="721"/>
  <projections camera_id="79" path="p79.ply" count="674"/>
  <projections camera_id="80" path="p80.ply" count="725"/>
  <projections camera_id="81" path="p81.ply" count="735"/>
  <projections camera_id="82" path="p82.ply" count="661"/>
  <projections camera_id="83" path="p83.ply" count="760"/>
  <projections camera_id="84" path="p84.ply" count="810"/>
  <projections camera_id="85" path="p85.ply" count="757"/>
  <projections camera_id="86" path="p86.ply" count="758"/>
  <projections camera_id="87" path="p87.ply" count="772"/>
  <projections camera_id="88" path="p88.ply" count="804"/>
  <projections camera_id="89" path="p89.ply" count="835"/>
  <projections camera_id="90" path="p90.ply" count="813"/>
  <projections camera_id="91" path="p91.ply" count="946"/>
  <projections camera_id="92" path="p92.ply" count="944"/>
  <projections camera_id="93" path="p93.ply" count="985"/>
  <projections camera_id="94" path="p94.ply" count="761"/>
  <projections camera_id="95" path="p95.ply" count="682"/>
  <projections camera_id="96" path="p96.ply" count="853"/>
  <projections camera_id="97" path="p97.ply" count="993"/>
  <projections camera_id="98" path="p98.ply" count="976"/>
  <projections camera_id="99" path="p99.ply" count="1008"/>
  <projections camera_id="100" path="p100.ply" count="973"/>
  <projections camera_id="101" path="p101.ply" count="1012"/>
  <projections camera_id="102" path="p102.ply" count="1146"/>
  <projections camera_id="103" path="p103.ply" count="1171"/>
  <projections camera_id="104" path="p104.ply" count="1216"/>
  <projections camera_id="105" path="p105.ply" count="1349"/>
  <projections camera_id="106" path="p106.ply" count="1116"/>
  <projections camera_id="107" path="p107.ply" count="1087"/>
  <projections camera_id="108" path="p108.ply" count="923"/>
  <projections camera_id="109" path="p109.ply" count="1017"/>
  <projections camera_id="110" path="p110.ply" count="982"/>
  <projections camera_id="111" path="p111.ply" count="897"/>
  <projections camera_id="112" path="p112.ply" count="987"/>
  <projections camera_id="113" path="p113.ply" count="861"/>
  <projections camera_id="114" path="p114.ply" count="821"/>
  <projections camera_id="115" path="p115.ply" count="717"/>
  <projections camera_id="116" path="p116.ply" count="701"/>
  <projections camera_id="117" path="p117.ply" count="856"/>
  <projections camera_id="118" path="p118.ply" count="778"/>
  <projections camera_id="119" path="p119.ply" count="774"/>
  <projections camera_id="120" path="p120.ply" count="773"/>
  <projections camera_id="121" path="p121.ply" count="797"/>
  <projections camera_id="122" path="p122.ply" count="762"/>
  <projections camera_id="123" path="p123.ply" count="824"/>
  <projections camera_id="124" path="p124.ply" count="852"/>
  <projections camera_id="125" path="p125.ply" count="818"/>
  <projections camera_id="126" path="p126.ply" count="878"/>
  <projections camera_id="127" path="p127.ply" count="809"/>
  <projections camera_id="128" path="p128.ply" count="647"/>
  <projections camera_id="129" path="p129.ply" count="645"/>
  <projections camera_id="130" path="p130.ply" count="481"/>
  <projections camera_id="131" path="p131.ply" count="494"/>
  <projections camera_id="132" path="p132.ply" count="417"/>
  <projections camera_id="133" path="p133.ply" count="381"/>
  <projections camera_id="134" path="p134.ply" count="484"/>
  <projections camera_id="135" path="p135.ply" count="534"/>
  <projections camera_id="136" path="p136.ply" count="506"/>
  <projections camera_id="137" path="p137.ply" count="318"/>
  <projections camera_id="138" path="p138.ply" count="452"/>
  <projections camera_id="139" path="p139.ply" count="507"/>
  <projections camera_id="140" path="p140.ply" count="616"/>
  <projections camera_id="141" path="p141.ply" count="526"/>
  <projections camera_id="142" path="p142.ply" count="526"/>
  <projections camera_id="143" path="p143.ply" count="591"/>
  <projections camera_id="144" path="p144.ply" count="638"/>
  <projections camera_id="145" path="p145.ply" count="525"/>
  <projections camera_id="146" path="p146.ply" count="570"/>
  <projections camera_id="147" path="p147.ply" count="708"/>
  <projections camera_id="148" path="p148.ply" count="857"/>
  <projections camera_id="149" path="p149.ply" count="923"/>
  <projections camera_id="150" path="p150.ply" count="971"/>
  <projections camera_id="151" path="p151.ply" count="1137"/>
  <projections camera_id="152" path="p152.ply" count="1133"/>
  <projections camera_id="153" path="p153.ply" count="1090"/>
  <projections camera_id="154" path="p154.ply" count="895"/>
  <projections camera_id="155" path="p155.ply" count="859"/>
  <projections camera_id="156" path="p156.ply" count="1137"/>
  <projections camera_id="157" path="p157.ply" count="1109"/>
  <projections camera_id="158" path="p158.ply" count="1234"/>
  <projections camera_id="159" path="p159.ply" count="1257"/>
  <projections camera_id="160" path="p160.ply" count="1170"/>
  <projections camera_id="161" path="p161.ply" count="1088"/>
  <projections camera_id="162" path="p162.ply" count="1102"/>
  <projections camera_id="163" path="p163.ply" count="1034"/>
  <projections camera_id="164" path="p164.ply" count="883"/>
  <projections camera_id="165" path="p165.ply" count="934"/>
  <projections camera_id="166" path="p166.ply" count="919"/>
  <projections camera_id="167" path="p167.ply" count="859"/>
  <projections camera_id="168" path="p168.ply" count="908"/>
  <projections camera_id="169" path="p169.ply" count="921"/>
  <projections camera_id="170" path="p170.ply" count="898"/>
  <projections camera_id="171" path="p171.ply" count="946"/>
  <projections camera_id="172" path="p172.ply" count="890"/>
  <projections camera_id="173" path="p173.ply" count="847"/>
  <projections camera_id="174" path="p174.ply" count="823"/>
  <projections camera_id="175" path="p175.ply" count="861"/>
  <projections camera_id="176" path="p176.ply" count="932"/>
  <projections camera_id="177" path="p177.ply" count="965"/>
  <projections camera_id="178" path="p178.ply" count="873"/>
  <projections camera_id="179" path="p179.ply" count="820"/>
  <projections camera_id="180" path="p180.ply" count="779"/>
  <projections camera_id="181" path="p181.ply" count="843"/>
  <projections camera_id="182" path="p182.ply" count="824"/>
  <projections camera_id="183" path="p183.ply" count="870"/>
  <projections camera_id="184" path="p184.ply" count="807"/>
  <projections camera_id="185" path="p185.ply" count="796"/>
  <projections camera_id="186" path="p186.ply" count="807"/>
  <projections camera_id="187" path="p187.ply" count="741"/>
  <projections camera_id="188" path="p188.ply" count="770"/>
  <projections camera_id="189" path="p189.ply" count="794"/>
  <projections camera_id="190" path="p190.ply" count="782"/>
  <projections camera_id="191" path="p191.ply" count="799"/>
  <projections camera_id="192" path="p192.ply" count="750"/>
  <projections camera_id="193" path="p193.ply" count="720"/>
  <projections camera_id="194" path="p194.ply" count="677"/>
  <projections camera_id="195" path="p195.ply" count="726"/>
  <projections camera_id="196" path="p196.ply" count="613"/>
  <projections camera_id="197" path="p197.ply" count="574"/>
  <projections camera_id="198" path="p198.ply" count="634"/>
  <projections camera_id="199" path="p199.ply" count="581"/>
  <projections camera_id="200" path="p200.ply" count="564"/>
  <projections camera_id="201" path="p201.ply" count="302"/>
  <projections camera_id="202" path="p202.ply" count="125"/>
  <projections camera_id="203" path="p203.ply" count="182"/>
  <projections camera_id="204" path="p204.ply" count="445"/>
  <projections camera_id="205" path="p205.ply" count="575"/>
  <projections camera_id="206" path="p206.ply" count="562"/>
  <projections camera_id="207" path="p207.ply" count="377"/>
  <projections camera_id="208" path="p208.ply" count="388"/>
  <projections camera_id="209" path="p209.ply" count="508"/>
  <projections camera_id="210" path="p210.ply" count="451"/>
  <projections camera_id="211" path="p211.ply" count="441"/>
  <meta>
    <property name="Info/LastSavedDateTime" value="2024:02:12 22:25:43"/>
    <property name="Info/LastSavedSoftwareVersion" value="2.1.0.17532"/>
    <property name="Info/OriginalDateTime" value="2024:02:12 21:30:31"/>
    <property name="Info/OriginalSoftwareVersion" value="2.1.0.17532"/>
    <property name="MatchPhotos/cameras" value=""/>
    <property name="MatchPhotos/descriptor_type" value="binary"/>
    <property name="MatchPhotos/descriptor_version" value="1.1.0"/>
    <property name="MatchPhotos/downscale" value="0"/>
    <property name="MatchPhotos/downscale_3d" value="1"/>
    <property name="MatchPhotos/duration" value="54.201"/>
    <property name="MatchPhotos/filter_stationary_points" value="true"/>
    <property name="MatchPhotos/generic_preselection" value="true"/>
    <property name="MatchPhotos/guided_matching" value="false"/>
    <property name="MatchPhotos/keep_keypoints" value="false"/>
    <property name="MatchPhotos/keypoint_limit" value="40000"/>
    <property name="MatchPhotos/keypoint_limit_3d" value="100000"/>
    <property name="MatchPhotos/keypoint_limit_per_mpx" value="1000"/>
    <property name="MatchPhotos/laser_scans_vertical_axis" value="0"/>
    <property name="MatchPhotos/match_laser_scans" value="false"/>
    <property name="MatchPhotos/max_workgroup_size" value="100"/>
    <property name="MatchPhotos/ram_used" value="394432512"/>
    <property name="MatchPhotos/reference_preselection" value="true"/>
    <property name="MatchPhotos/reference_preselection_mode" value="2"/>
    <property name="MatchPhotos/reset_matches" value="false"/>
    <property name="MatchPhotos/subdivide_task" value="true"/>
    <property name="MatchPhotos/tiepoint_limit" value="4000"/>
    <property name="MatchPhotos/workitem_size_cameras" value="20"/>
    <property name="MatchPhotos/workitem_size_pairs" value="80"/>
  </meta>
</point_cloud>
