<?xml version="1.0" encoding="UTF-8"?>
<document version="1.2.0">
  <chunks next_id="2" active_id="1">
    <chunk id="1" path="1/chunk.zip"/>
  </chunks>
  <meta>
    <property name="Info/LastSavedDateTime" value="2024:02:12 22:25:44"/>
    <property name="Info/LastSavedSoftwareVersion" value="2.1.0.17532"/>
    <property name="Info/OriginalDateTime" value="2024:02:12 21:27:44"/>
    <property name="Info/OriginalSoftwareName" value="Agisoft Metashape"/>
    <property name="Info/OriginalSoftwareVendor" value="Agisoft"/>
    <property name="Info/OriginalSoftwareVersion" value="2.1.0.17532"/>
    <property name="Project/AbsolutePaths" value="false"/>
  </meta>
</document>
